,Account,Compound Score,DateTime,Negativity Score,Neutral Score,Positivity Score,Text
0,bbcworld,-0.6705,Mon Apr 09 16:40:43 +0000 2018,0.391,0.609,0.0,Virunga National Park: DR Congo rangers killed https://t.co/JnG2dOMATU
1,bbcworld,0.0,Mon Apr 09 15:59:20 +0000 2018,0.0,1.0,0.0,RT @BBCJonSopel: .@realDonaldTrump at Cabinet meeting says decision on Syria will be taken in next 24-48 hours. ‚ÄúThis is about humanity and‚Ä¶
2,bbcworld,0.0,Mon Apr 09 15:56:35 +0000 2018,0.0,1.0,0.0,Finger bone points to early human exodus https://t.co/qNPmWQHu2V
3,bbcworld,-0.6597,Mon Apr 09 15:37:59 +0000 2018,0.328,0.672,0.0,"Indian school bus plunges into gorge, 'killing 27 children' https://t.co/pX5Fab5PFH"
4,bbcworld,-0.9231,Mon Apr 09 15:17:57 +0000 2018,0.412,0.588,0.0,RT @BBCNorthAmerica: A community hockey rink became a place of mourning and grief after 15 were killed in an ice hockey team bus crash #Hum‚Ä¶
5,bbcworld,0.3612,Mon Apr 09 14:44:55 +0000 2018,0.0,0.894,0.106,"RT @BBCJonSopel: .@realDonaldTrump #Syria policy.
11 days ago: ""We‚Äôll be coming out - like, very soon""
10 days ago: Suspends $200 million s‚Ä¶"
6,bbcworld,0.0,Mon Apr 09 14:44:39 +0000 2018,0.0,1.0,0.0,China's first emperor flattened after wind fall https://t.co/U6kxIx31OM
7,bbcworld,-0.5423,Mon Apr 09 14:21:00 +0000 2018,0.36,0.64,0.0,Trump Tower fire victim Todd Brassner 'hated' living there https://t.co/lIe9i1BJCm
8,bbcworld,0.0,Mon Apr 09 14:03:04 +0000 2018,0.0,1.0,0.0,Thor director Taika Waititi says New Zealand is 'racist' https://t.co/1p8mlHburY
9,bbcworld,-0.3182,Mon Apr 09 13:59:54 +0000 2018,0.247,0.753,0.0,The Simpsons addresses Apu racial stereotype controversy https://t.co/ysSrnXe9JV
10,bbcworld,0.0,Mon Apr 09 13:50:36 +0000 2018,0.0,1.0,0.0,Uber to buy electric bicycle-sharing firm Jump https://t.co/Bm4EtVsGHj
11,bbcworld,-0.1027,Mon Apr 09 13:41:51 +0000 2018,0.135,0.865,0.0,Viktor Orban victory in Hungary: German minister warns EU https://t.co/G7kFIxAIp2
12,bbcworld,-0.4215,Mon Apr 09 13:41:51 +0000 2018,0.286,0.714,0.0,Belgrade's 'tiny head' Gagarin statue causes dismay https://t.co/PGlZQSOYwk
13,bbcworld,0.5719,Mon Apr 09 13:28:27 +0000 2018,0.0,0.844,0.156,"RT @BBC_HaveYourSay: Are you getting married on the day of the #RoyalWedding on May 19? 

Maybe you are... 
celebrating a multicultural or‚Ä¶"
14,bbcworld,0.0,Mon Apr 09 13:27:30 +0000 2018,0.0,1.0,0.0,RT @BBC_HaveYourSay: Why race comments by New Zealand film director @TaikaWaititi have caused a stir in his native country. https://t.co/eh‚Ä¶
15,bbcworld,-0.92,Mon Apr 09 13:17:16 +0000 2018,0.435,0.565,0.0,"RT @BBCNews: Prime Minister @theresa_may says UK ""utterly condemns use of chemical weapons"" following Douma poison gas attack, and says Syr‚Ä¶"
16,bbcworld,0.0,Mon Apr 09 13:12:27 +0000 2018,0.0,1.0,0.0,https://t.co/A7xR7gZH5R sex advert website seized by FBI https://t.co/2bJMcwg6Cp
17,bbcworld,0.0,Mon Apr 09 12:59:45 +0000 2018,0.0,1.0,0.0,Nigeria's Buhari to run in 2019 elections https://t.co/Zr4y73roKZ
18,bbcworld,0.0,Mon Apr 09 11:47:52 +0000 2018,0.0,1.0,0.0,Japan's baseball star Shohei Ohtani draws Babe Ruth comparisons https://t.co/W1txv83vMT
19,bbcworld,-0.765,Mon Apr 09 11:41:38 +0000 2018,0.487,0.513,0.0,Syria conflict: Russia says no evidence of Douma chemical attack https://t.co/CVF51rQyYG
20,bbcworld,-0.34,Mon Apr 09 11:03:39 +0000 2018,0.255,0.745,0.0,Facebook: Cambridge Analytica warning sent to users https://t.co/HcIjYp8gtd
21,bbcworld,-0.5719,Mon Apr 09 10:59:25 +0000 2018,0.316,0.684,0.0,A Quiet Place: The horror movie shaming cinema snack-eaters https://t.co/rgzEX6qpxn
22,bbcworld,0.0,Mon Apr 09 10:34:36 +0000 2018,0.0,1.0,0.0,"Geoffrey Rush 'irreparably damaged', defamation case told https://t.co/L7uioPHmNv"
23,bbcworld,0.4019,Mon Apr 09 10:34:36 +0000 2018,0.0,0.748,0.252,Shipping industry faces calls to clean up emissions https://t.co/96e1THKqct
24,bbcworld,0.4404,Mon Apr 09 10:31:52 +0000 2018,0.0,0.707,0.293,Brazil ex-leader Lula's supporters camp outside jail https://t.co/YK4liF6n9A
25,bbcworld,0.4588,Mon Apr 09 10:28:51 +0000 2018,0.204,0.395,0.401,"Good Friday Agreement - at 20, is it broken? https://t.co/UpDMff9ezt"
26,bbcworld,0.0772,Mon Apr 09 09:46:35 +0000 2018,0.0,0.86,0.14,Uganda court hears challenge to presidential age-limit move https://t.co/OWPNeNTh4q
27,bbcworld,-0.128,Mon Apr 09 09:13:16 +0000 2018,0.248,0.55,0.202,Russia sanctions: Shares in Deripaska-controlled firms crash https://t.co/BBvcML9SJV
28,bbcworld,-0.5859,Mon Apr 09 09:02:20 +0000 2018,0.275,0.725,0.0,Bill Cosby sexual assault retrial set to begin in Pennsylvania https://t.co/kp2Pok5HX1
29,bbcworld,0.25,Mon Apr 09 09:02:20 +0000 2018,0.188,0.556,0.257,"Commonwealth Games: Laurel Hubbard injured, Emily Campbell wins bronze https://t.co/vsty8pL3Nu"
30,bbcworld,-0.5574,Mon Apr 09 08:56:38 +0000 2018,0.175,0.825,0.0,Service held to remember Humboldt Broncos junior hockey players and staff who died in  Friday bus crash‚Ä¶ https://t.co/Yu9akX76J1
31,bbcworld,0.0,Mon Apr 09 08:39:57 +0000 2018,0.0,1.0,0.0,French police clash with eco-activists in woods near Nantes https://t.co/nxBelfnAVf
32,bbcworld,0.3182,Mon Apr 09 08:10:10 +0000 2018,0.0,0.685,0.315,Big increase in Antarctic snowfall https://t.co/HTLE4Zayg7
33,bbcworld,0.0,Mon Apr 09 07:39:50 +0000 2018,0.0,1.0,0.0,India engineless train rolls back for miles https://t.co/00DVdpWxb0
34,bbcworld,0.5719,Mon Apr 09 06:55:41 +0000 2018,0.0,0.519,0.481,Reed wins Masters title https://t.co/no7pT0fn01
35,bbcworld,-0.3182,Mon Apr 09 05:20:12 +0000 2018,0.187,0.813,0.0,Australia PM loses opinion poll he cited in ousting predecessor https://t.co/1CM5GaJsin
36,bbcworld,-0.8519,Mon Apr 09 03:07:31 +0000 2018,0.571,0.429,0.0,Canada crash: Humboldt Broncos bus dead mourned at vigil https://t.co/nSZfMe6vhW
37,bbcworld,0.0,Mon Apr 09 02:01:43 +0000 2018,0.0,1.0,0.0,"RT @BBCNewsAsia: Remembering tormented Hong Kong superstar Leslie Cheung, one of the first celebrities to come out as gay in Asia. 

He too‚Ä¶"
38,bbcworld,0.0,Mon Apr 09 01:56:22 +0000 2018,0.0,1.0,0.0,RT @BBCNewsAsia: Bhutan's 'Shangri-La' caught between two rival superpowers https://t.co/aavSSkG4vb
39,bbcworld,0.6249,Mon Apr 09 01:44:23 +0000 2018,0.0,0.819,0.181,"RT @BBCNewsAsia: North Korea promises the US it is ready to discuss the future of its nuclear arsenal when the two nations' leaders meet, U‚Ä¶"
40,bbcworld,-0.3612,Mon Apr 09 01:44:08 +0000 2018,0.333,0.667,0.0,Strikes hit Syrian airfield - reports https://t.co/MnsDSuJ5Y3
41,bbcworld,0.0,Mon Apr 09 01:35:39 +0000 2018,0.0,1.0,0.0,Facebook data: How it was used by Cambridge Analytica https://t.co/I0F3IlA8gp
42,bbcworld,-0.3182,Mon Apr 09 00:13:22 +0000 2018,0.173,0.827,0.0,Letter from Africa: The handshake that left millions of Kenyans confused https://t.co/XstQNQI1oX
43,bbcworld,0.0,Mon Apr 09 00:10:28 +0000 2018,0.0,1.0,0.0,Bhutan's 'Shangri-La' caught between two rival superpowers https://t.co/5mKhlMYCEt
44,bbcworld,0.0,Sun Apr 08 23:53:27 +0000 2018,0.0,1.0,0.0,Meet the Brit in charge of fixing NYC's subway https://t.co/jZFOaBDODG
45,bbcworld,-0.2173,Sun Apr 08 23:53:25 +0000 2018,0.251,0.545,0.204,"In the US, you don't have to kill to be a murderer https://t.co/2ySrD7gofq"
46,bbcworld,-0.5994,Sun Apr 08 23:50:47 +0000 2018,0.245,0.755,0.0,Leslie Cheung: Asia's gay icon lives on 15 years after his death https://t.co/LfvsM5OP9U
47,bbcworld,-0.2263,Sun Apr 08 23:33:31 +0000 2018,0.213,0.787,0.0,Meet the 'fearless' drag queens of Beirut https://t.co/8WZk4dkVg3
48,bbcworld,0.3612,Sun Apr 08 23:07:13 +0000 2018,0.0,0.737,0.263,N Korea-US talks: Pyongyang 'ready to discuss denuclearisation' https://t.co/4iYw1q8SBA
49,bbcworld,-0.4019,Sun Apr 08 22:27:32 +0000 2018,0.231,0.769,0.0,Deutsche Bank boss to step down amid continued losses https://t.co/xpcKwklhuq
50,bbcworld,-0.4019,Sun Apr 08 22:27:32 +0000 2018,0.31,0.69,0.0,Belgian cyclist dies after race crash https://t.co/Ly8m7R2jVM
51,bbcworld,0.5859,Sun Apr 08 21:03:12 +0000 2018,0.0,0.648,0.352,Hungary PM 'likely' to win another term https://t.co/Ti2zup9rfD
52,bbcworld,0.0,Sun Apr 08 16:42:02 +0000 2018,0.0,1.0,0.0,North Korea: Runners take part in Pyongyang's marathon https://t.co/ZbOJX6hzfF
53,bbcworld,0.0,Sun Apr 08 15:52:04 +0000 2018,0.0,1.0,0.0,RT @BBC_HaveYourSay: Are you coming to Windsor to watch the #RoyalWedding in May? Where are you travelling from? Would you consider yoursel‚Ä¶
54,bbcworld,-0.4767,Sun Apr 08 15:44:22 +0000 2018,0.279,0.721,0.0,Police foil Berlin half-marathon knife attack plan - reports https://t.co/HlPUHXQWvH
55,bbcworld,-0.8074,Sun Apr 08 13:38:00 +0000 2018,0.675,0.325,0.0,Trump condemns Syria suspected chemical attack https://t.co/ptGuQhRgrK
56,bbcworld,-0.886,Sun Apr 08 13:12:29 +0000 2018,0.634,0.366,0.0,Canada crash: Country mourns Humboldt Broncos bus dead https://t.co/UHD4IXh1O9
57,bbcworld,0.0,Sun Apr 08 12:03:00 +0000 2018,0.0,1.0,0.0,Brazil's former president @LulapeloBrasil turns himself in after two-day police stand-off https://t.co/Rqdn90c2DB
58,bbcworld,0.0,Sun Apr 08 11:44:54 +0000 2018,0.0,1.0,0.0,Pyongyang marathon: Fewer foreigners compete in North Korea's annual race https://t.co/r0G07sEmLF
59,bbcworld,0.6249,Sun Apr 08 11:44:53 +0000 2018,0.0,0.579,0.421,Prince Charles reunited with fan who stole a kiss https://t.co/5lXpE7FB4d
60,bbcworld,-0.4019,Sun Apr 08 10:16:29 +0000 2018,0.162,0.838,0.0,Man dies and several firefighters injured in blaze at Trump Tower in New York https://t.co/kP7W9EiFTr
61,bbcworld,-0.6486,Sun Apr 08 09:56:42 +0000 2018,0.346,0.654,0.0,Germany van attack: Police in Muenster say 'no clues' for a motive https://t.co/LXUGck3Eki
62,bbcworld,0.0,Sun Apr 08 09:24:07 +0000 2018,0.0,1.0,0.0,Lula turns himself in after police stand-off https://t.co/3TG5QOICp9
63,bbcworld,0.7506,Sun Apr 08 08:36:12 +0000 2018,0.0,0.549,0.451,Hungary election: Viktor Orban's Fidesz party hopes for third straight term https://t.co/YYmfO6su0N
64,bbcworld,-0.34,Sun Apr 08 06:36:55 +0000 2018,0.231,0.769,0.0,Trump Tower fire: 'You got to get out' https://t.co/kHEK4qzy8M
65,bbcworld,0.4019,Sun Apr 08 05:48:17 +0000 2018,0.0,0.748,0.252,India Down's syndrome pottery artist moulding his dreams https://t.co/aFxonJfYsL
66,bbcworld,0.1779,Sun Apr 08 03:40:10 +0000 2018,0.267,0.396,0.337,Egypt's problem with sexy cinema https://t.co/nRE1Mh1eJn
67,bbcworld,-0.4767,Sun Apr 08 03:04:01 +0000 2018,0.237,0.763,0.0,Japanese father arrested for caging son for over 20 years https://t.co/57YJX4pjWU
68,bbcworld,-0.6249,Sun Apr 08 01:18:36 +0000 2018,0.272,0.728,0.0,How the crisis in the Gulf could spread to East Africa https://t.co/zYOQ0Kt7My
69,bbcworld,-0.5994,Sun Apr 08 01:15:33 +0000 2018,0.38,0.62,0.0,"Obituary: Keith Murdoch, the disgraced All Black who disappeared https://t.co/cU1oGnWqJw"
70,bbcworld,-0.3612,Sun Apr 08 01:15:31 +0000 2018,0.263,0.737,0.0,How 'condom snorting' turned into a pro-gun argument https://t.co/YDWbQYVimM
71,bbcworld,0.0,Sun Apr 08 01:09:24 +0000 2018,0.0,1.0,0.0,Inside the White House Bible Study group https://t.co/EtmBkqzK60
72,bbcworld,0.5106,Sun Apr 08 01:04:19 +0000 2018,0.0,0.732,0.268,"'I paid $90,000 to free my family from IS' https://t.co/XKajz1q8zV"
73,bbcworld,-0.9062,Sun Apr 08 00:33:12 +0000 2018,0.531,0.469,0.0,"Syria war: Scores dead in Syria gas attack, rescuers and medics say https://t.co/oSdO2X8IAX"
74,bbcworld,0.0,Sat Apr 07 22:46:40 +0000 2018,0.0,1.0,0.0,Trump Tower fires: Blaze breaks out at New York property https://t.co/Wrev20IsB8
75,bbcworld,0.0,Sat Apr 07 22:04:19 +0000 2018,0.0,1.0,0.0,Brazil's Lula surrenders to police https://t.co/6T9D4d5cGk
76,bbcworld,-0.8658,Sat Apr 07 20:41:19 +0000 2018,0.548,0.452,0.0,Canada hockey team crash: 'Entire country in shock' at tragedy https://t.co/ely2UEKUu4
77,bbcworld,-0.34,Sat Apr 07 20:18:03 +0000 2018,0.255,0.745,0.0,Vatican police arrest ex-diplomat over 'child pornography' https://t.co/HHXmGkTDAz
78,bbcworld,-0.6597,Sat Apr 07 16:53:36 +0000 2018,0.386,0.614,0.0,Israel to investigate killing of Palestinian journalist https://t.co/8kudrlTVuS
79,bbcworld,0.0,Sat Apr 07 15:57:19 +0000 2018,0.0,1.0,0.0,Lula to surrender to police https://t.co/ksRE4gjgAA
80,bbcworld,0.0,Sat Apr 07 15:10:36 +0000 2018,0.0,1.0,0.0,Prince of Wales gets new chief title in ceremony on South Pacific island of Vanuatu https://t.co/z1jSGRh4Hm
81,bbcworld,-0.765,Sat Apr 07 15:07:25 +0000 2018,0.306,0.694,0.0,"RT @BBCBreaking: German Police say they believe there are several fatalities and around 30 people injured. 
https://t.co/Wgi0DBsyZS"
82,bbcworld,0.0,Sat Apr 07 14:50:14 +0000 2018,0.0,1.0,0.0,Van drives into pedestrians in Germany https://t.co/0xtrQps5IL
83,bbcworld,0.0,Sat Apr 07 14:46:08 +0000 2018,0.0,1.0,0.0,RT @BBCBreaking: Reports of casualties in Germany after van drives into pedestrians in city of Muenster https://t.co/OVOrbRHYEF
84,bbcworld,0.0,Sat Apr 07 14:41:20 +0000 2018,0.0,1.0,0.0,The migrant caravan from Central America travelling north https://t.co/gOwYZhuDUy
85,bbcworld,-0.7269,Sat Apr 07 13:58:36 +0000 2018,0.242,0.706,0.052,"RT @BBCSport: A young French footballer has died at just 18 years old.

Le Havre are in mourning over defender Samba Diop.
üëâ https://t.co/Q‚Ä¶"
86,bbcworld,-0.0516,Sat Apr 07 12:12:02 +0000 2018,0.091,0.909,0.0,Facebook suspends AIQ data firm used by Vote Leave in Brexit campaign https://t.co/FchzO29YDp
87,bbcworld,0.0,Sat Apr 07 12:06:31 +0000 2018,0.0,1.0,0.0,Prince Charles gets new Chief title on Vanuatu https://t.co/tEMQkCyOwB
88,bbcworld,0.1027,Sat Apr 07 12:00:24 +0000 2018,0.0,0.851,0.149,Samba Diop: Le Havre defender dies aged 18 https://t.co/kCM7X5U7Fk
89,bbcworld,0.0,Sat Apr 07 12:00:24 +0000 2018,0.0,1.0,0.0,Grass skirt in Vanuatu for 'high chief' Prince Charles https://t.co/B9mEo6ShFQ
90,bbcworld,0.0,Sat Apr 07 11:45:19 +0000 2018,0.0,1.0,0.0,Mexico's president @EPN quotes JFK during national broadcast addressed to @realDonaldTrump https://t.co/8IbnhGiScP
91,bbcworld,0.0,Sat Apr 07 11:17:16 +0000 2018,0.0,1.0,0.0,Lula: Brazil ex-president's police stand-off https://t.co/Gro8VHwqUe
92,bbcworld,0.0,Sat Apr 07 10:39:16 +0000 2018,0.0,1.0,0.0,Mexico to Trump: Don't take your 'frustrations' out on us https://t.co/xFKKRqVkWE
93,bbcworld,0.6369,Sat Apr 07 10:30:23 +0000 2018,0.0,0.785,0.215,RT @BBCIndia: Huge crowds who braved scorching temperatures to gather outside the court started dancing and shouted slogans once they heard‚Ä¶
94,bbcworld,0.0,Sat Apr 07 10:13:02 +0000 2018,0.0,1.0,0.0,"Salman Khan, Bollywood superstar, bailed in poaching case https://t.co/nXoRkeloES"
95,bbcworld,0.0,Sat Apr 07 08:51:03 +0000 2018,0.0,1.0,0.0,Russell Crowe 'divorce auction': Memorabilia up for grabs in Sydney https://t.co/kWq0PCTeLP
96,bbcworld,0.0,Sat Apr 07 07:33:14 +0000 2018,0.0,1.0,0.0,Millions watch extreme eating Korean mukbang star https://t.co/wpyDBBAAHH
97,bbcworld,-0.7845,Sat Apr 07 06:11:02 +0000 2018,0.467,0.533,0.0,Canada crash: Fatalities as junior hockey team's bus and lorry collide https://t.co/maMBAttjt8
98,bbcworld,0.0,Sat Apr 07 04:35:38 +0000 2018,0.0,1.0,0.0,Trump immigration: Texas sends National Guard to Mexico border https://t.co/tPfoQHNmiC
99,bbcworld,0.5106,Sat Apr 07 03:57:43 +0000 2018,0.0,0.732,0.268,Vietnam rescue dog gives new owner slip in Paris https://t.co/STYop10ASH
100,cbs,0.2732,Mon Apr 09 15:00:00 +0000 2018,0.086,0.784,0.129,Which state does @reba call home and which song was her first No. 1 single? Test your knowledge of the beloved coun‚Ä¶ https://t.co/Sp8icKpFNu
101,cbs,0.6239,Mon Apr 09 13:36:00 +0000 2018,0.0,0.786,0.214,This just in! Thirteen-time ACM Award¬Æ winner @carrieunderwood will be performing her soon-to-be-released single li‚Ä¶ https://t.co/GEyjt4lFbb
102,cbs,0.6467,Mon Apr 09 01:42:06 +0000 2018,0.0,0.72,0.28,It's time to celebrate! @MomCBS will be back for Season 6! https://t.co/ianxp6JWHq
103,cbs,0.7096,Sun Apr 08 22:00:01 +0000 2018,0.0,0.742,0.258,@OldDominion's Matthew Ramsey is here with a friendly reminder - Country Music‚Äôs Party Of The Year¬Æ is just seven d‚Ä¶ https://t.co/SFnXxQLoPN
104,cbs,0.5562,Sun Apr 08 18:38:13 +0000 2018,0.0,0.854,0.146,It all comes down to this! Stream Round 4 of #TheMasters Tournament on CBS live with a free trial of CBS All Access‚Ä¶ https://t.co/mNFSAUkLvZ
105,cbs,0.4199,Sun Apr 08 15:00:00 +0000 2018,0.0,0.892,0.108,"@reba is ready for her hosting duties! In just one week, watch her take the stage at the 53rd #ACMawards. Tune in A‚Ä¶ https://t.co/TmjezmqPme"
106,cbs,0.6696,Sat Apr 07 19:35:08 +0000 2018,0.0,0.817,0.183,Watch some of the biggest names in golf compete in one of the greatest tournaments of the year! Stream #TheMasters‚Ä¶ https://t.co/e8kbkSLx5k
107,cbs,0.0,Sat Apr 07 18:28:03 +0000 2018,0.0,1.0,0.0,Tonight's the night! Here's a behind-the-scenes look at season 2 of @RansomCBS before the big premiere. Tune in at‚Ä¶ https://t.co/WtRHvufO7H
108,cbs,0.3612,Sat Apr 07 16:30:02 +0000 2018,0.0,0.894,0.106,What song will @DierksBentley belt out when he takes the stage to perform at the 53rd #ACMawards? Get ready to sing‚Ä¶ https://t.co/oEtKJnKQVn
109,cbs,0.0,Sat Apr 07 15:31:12 +0000 2018,0.0,1.0,0.0,"@johnlegend, @mirandalambert, @KeshaRose, and more perform @eltonofficial's hit songs! Watch Elton John: I'm Still‚Ä¶ https://t.co/VF3hf8OCT7"
110,cbs,0.0,Fri Apr 06 21:10:18 +0000 2018,0.0,1.0,0.0,Ask 53rd ACM Awards¬Æ host @reba a question and she just may answer it on April 11 at 5:30p ET/2:30p PT when she tak‚Ä¶ https://t.co/DAa5gQS8oX
111,cbs,0.0,Fri Apr 06 17:00:00 +0000 2018,0.0,1.0,0.0,What‚Äôs @eltonofficial's birth name and which of his songs holds the record for biggest selling single of all time?‚Ä¶ https://t.co/N5qkMYCE7e
112,cbs,0.0,Fri Apr 06 13:45:00 +0000 2018,0.0,1.0,0.0,Do you have a question for country music legend and host of the 53rd ACM Awards¬Æ @reba? Write it below for a chance‚Ä¶ https://t.co/yVVDVFpxDM
113,cbs,0.5859,Thu Apr 05 21:44:00 +0000 2018,0.0,0.806,0.194,How well do you know The Academy of Country Music Awards‚Ñ¢? Test your knowledge of Country Music‚Äôs Party of the Year‚Ä¶ https://t.co/lfWAcvAbZa
114,cbs,0.6597,Thu Apr 05 19:07:48 +0000 2018,0.0,0.759,0.241,"RT @CodeBlackCBS: The intensity and emotions of your favorite show are returning to @CBS in 3 weeks.

Get excited. https://t.co/aGUNIPwRjh"
115,cbs,-0.3875,Thu Apr 05 17:00:00 +0000 2018,0.157,0.769,0.074,"Don't miss @littlebigtown's amazing performance of @eltonofficial's ""Rocket Man"" under the big spotlight at Elton J‚Ä¶ https://t.co/bqse7nhkV3"
116,cbs,0.807,Wed Apr 04 22:07:01 +0000 2018,0.0,0.687,0.313,Today's biggest stars are celebrating @EltonJohn's most beloved and legendary catalogue of hits with two albums dro‚Ä¶ https://t.co/cilUdkKtjQ
117,cbs,0.7568,Wed Apr 04 21:48:07 +0000 2018,0.0,0.712,0.288,"RT @LifeInPiecesCBS: We ""literally can't even"" with how hilarious these #LifeInPieces outtakes are! üòÇ

Introducing Laughing To Pieces! Foll‚Ä¶"
118,cbs,0.8495,Wed Apr 04 21:47:26 +0000 2018,0.0,0.634,0.366,"RT @YoungSheldon: Don't miss guest star @Followtheblonde in tomorrow's all-new #YoungSheldon! Trust us, you're going to love every minute.‚Ä¶"
119,cbs,0.4926,Wed Apr 04 21:46:13 +0000 2018,0.0,0.803,0.197,RT @MomCBS: Tomorrow's episode of #Mom is going to be a doggone good one! https://t.co/e1WI3uOxVg
120,cbs,-0.3182,Wed Apr 04 21:44:17 +0000 2018,0.095,0.905,0.0,RT @survivorcbs: There's a lot at stake when competing for actual steak. Get a glimpse at an all-new #Survivor: Ghost Island at 8/7c on CBS‚Ä¶
121,cbs,-0.25,Wed Apr 04 18:02:13 +0000 2018,0.133,0.867,0.0,RT @TVLine: #LifeInPieces Sneak Peek: Sophia and Her Stuffed Toys Stage a Musical¬†Protest https://t.co/r16SLZlZPc
122,cbs,0.0,Tue Apr 03 23:00:00 +0000 2018,0.0,1.0,0.0,Whose catchy tune will take Song Of The Year at the 53rd #ACMawards? Give it up for the four nominees -‚Ä¶ https://t.co/R9MtUNZtsw
123,cbs,0.0,Tue Apr 03 21:00:02 +0000 2018,0.0,1.0,0.0,"Here's everything you need to know before tuning into Elton John: I'm Still Standing - A GRAMMY¬Æ Salute on Tuesday,‚Ä¶ https://t.co/C8fiKl4j98"
124,cbs,0.7096,Tue Apr 03 18:00:00 +0000 2018,0.0,0.742,0.258,"In just one week, @eltonofficial and today's hottest stars in music will join together to celebrate Elton's countle‚Ä¶ https://t.co/ACQGHNWz8u"
125,cbs,0.7906,Tue Apr 03 05:17:01 +0000 2018,0.0,0.579,0.421,Tonight we #LightItUpBlue for greater understanding and acceptance. CBS supports #WorldAutismAwarenessDay by lighti‚Ä¶ https://t.co/hBAXcDvP4r
126,cbs,0.1513,Mon Apr 02 17:30:00 +0000 2018,0.092,0.792,0.116,No one does it quite like @eltonofficial. The artist himself will belt out some of his chart-topping hits on Elton‚Ä¶ https://t.co/ckY4bUvTXI
127,cbs,0.6486,Sun Apr 01 17:00:03 +0000 2018,0.0,0.798,0.202,The Las Vegas strip is about to light up brighter than ever before when Country Music‚Äôs Party Of The Year¬Æ takes ov‚Ä¶ https://t.co/j1A2ZVHAoO
128,cbs,0.0,Sat Mar 31 18:00:00 +0000 2018,0.0,1.0,0.0,"‚ÄúIf you don‚Äôt do something about it, then who are you? ‚Ä¶ It can happen to anyone.‚Äù - @aplusk 

Tonight at 10/9c, a‚Ä¶ https://t.co/EQabNc1UZI"
129,cbs,0.4199,Sat Mar 31 15:30:00 +0000 2018,0.0,0.887,0.113,Give it up for @KelseaBallerini! This star is one of the Female Vocalist Of The Year nominees and she's ready to ta‚Ä¶ https://t.co/wLyHwkEGs2
130,cbs,0.4926,Fri Mar 30 16:50:00 +0000 2018,0.0,0.873,0.127,Take and post a photo of the woman in your life who inspires you! The photo should only have one person against a n‚Ä¶ https://t.co/BHdxXlWfKP
131,cbs,0.0,Thu Mar 29 17:32:40 +0000 2018,0.0,1.0,0.0,"Expect epic performances by @kanebrown , @kelly_clarkson, @OfficialJackson, and more at this year's 53rd #ACMawards‚Ä¶ https://t.co/3yso7Z0cjv"
132,cbs,0.0,Thu Mar 29 17:30:02 +0000 2018,0.0,1.0,0.0,"Will @HIGHVALLEY, @LancoMusic, @LOCASHmusic, @MidlandOfficial, or @runawayjune be named New Vocal Duo Or Group Of T‚Ä¶ https://t.co/v0QIPLC47R"
133,cbs,0.3818,Tue Mar 27 21:00:01 +0000 2018,0.108,0.68,0.212,Count on Entertainer Of The Year nominee @LukeBryanOnline to crash the party with an epic performance at the 53rd‚Ä¶ https://t.co/27ua60HTqu
134,cbs,0.296,Tue Mar 27 17:00:00 +0000 2018,0.0,0.901,0.099,Join @eltonofficial and some of today's hottest names in music when they take the stage to perform his most memorab‚Ä¶ https://t.co/jz0jaShZIj
135,cbs,0.508,Mon Mar 26 22:14:25 +0000 2018,0.0,0.88,0.12,"RT @ACMawards: The ACM for New Vocal Group of the Year goes to @MidlandOfficial! And yes, that really was @Reba on the phone! #ACMawards ht‚Ä¶"
136,cbs,0.0,Mon Mar 26 20:42:48 +0000 2018,0.0,1.0,0.0,"RT @ACMawards: In case you didn‚Äôt know, the ACM for New Male Vocalist of the Year goes to @BrettYoungMusic. Check out his reaction when @Re‚Ä¶"
137,cbs,0.7959,Mon Mar 26 16:59:19 +0000 2018,0.0,0.786,0.214,RT @ACMawards: Over the weekend @Reba called the ACM New Artist of the Year winners to let them know they had won! Let‚Äôs just say our New F‚Ä¶
138,cbs,0.807,Mon Mar 26 16:05:18 +0000 2018,0.0,0.622,0.378,"Congratulations to the 53rd #ACMawards New Artist winners @Lauren_Alaina, @MidlandOfficial, and @BrettYoungMusic! W‚Ä¶ https://t.co/Fr8H4arwGj"
139,cbs,0.0,Sun Mar 25 23:57:34 +0000 2018,0.0,1.0,0.0,New start times in East/Central Time Zones #60Minutes 7:35ET/6:35CT #Instinct  8:35ET/7:35CT #NCISLA 9:35ET/8:35CT‚Ä¶ https://t.co/8W5hAeLrvs
140,cbs,0.5319,Sun Mar 25 17:15:25 +0000 2018,0.062,0.78,0.157,Don‚Äôt miss a minute of the action. Stream the¬†Elite Eight¬Æ¬†games LIVE today starting at 2PM ET with a FREE trial of‚Ä¶ https://t.co/8NwU8HdiHR
141,cbs,0.5399,Sat Mar 24 22:46:53 +0000 2018,0.0,0.801,0.199,RT @MomCBS: That's a wrap on the #Mom panel at #PaleyFest! Thanks for following along! https://t.co/we4JgqPt6P
142,cbs,-0.34,Sat Mar 24 22:46:43 +0000 2018,0.185,0.7,0.115,RT @MomCBS: A fan just commented that #Mom helped bring him out of a deep depression. üíúüíúüíú #PaleyFest
143,cbs,0.7003,Sat Mar 24 22:25:03 +0000 2018,0.0,0.791,0.209,"RT @MomCBS: ""Go out for it anyway. If you're good for the role, you're good for the role."" @theJaimePressly's advice for aspiring actors wi‚Ä¶"
144,cbs,0.0,Sat Mar 24 22:21:37 +0000 2018,0.0,1.0,0.0,RT @MomCBS: Mom Co-Creator @GemmaRBaker just pointed out her own #Mom in the audience at #PaleyFest! üíú
145,cbs,0.0,Sat Mar 24 22:21:34 +0000 2018,0.0,1.0,0.0,"RT @MomCBS: ""I'm not someone in recovery who goes to AA, but I have taken so much away from it...to take one day at a time."" - @theJaimePre‚Ä¶"
146,cbs,0.7184,Sat Mar 24 22:21:26 +0000 2018,0.0,0.667,0.333,"RT @MomCBS: ""You get to appreciate working with such talented people."" - @AnnaKFaris #Mom #PaleyFest"
147,cbs,0.9451,Sat Mar 24 22:21:23 +0000 2018,0.0,0.58,0.42,RT @MomCBS: ‚ÄúI love this job. I love working with these women. I love working in front of the live audience‚Ä¶ It‚Äôs alive and it‚Äôs fun.‚Äù - @A‚Ä¶
148,cbs,0.0,Sat Mar 24 20:00:02 +0000 2018,0.0,1.0,0.0,"Get on your feet for @Jason_Aldean, @ThomasRhett, @ChrisStapleton, @KeithUrban, and @ChrisYoungMusic, the five nomi‚Ä¶ https://t.co/oT5ogjdj4x"
149,cbs,0.6996,Fri Mar 23 22:33:52 +0000 2018,0.0,0.806,0.194,Get ready for some sweet games! Stream #5 Clemson vs #1 Kansas LIVE at 7PM ET and #11 Syracuse vs #2 Duke LIVE at 9‚Ä¶ https://t.co/4WstgrKNnW
150,cbs,0.4939,Fri Mar 23 22:33:04 +0000 2018,0.0,0.686,0.314,RT @SEALTeamCBS: In honor of #NationalPuppyDay... üòç #SEALTeam https://t.co/4mIZPpiRlU
151,cbs,0.8997,Fri Mar 23 22:32:48 +0000 2018,0.0,0.645,0.355,"RT @HawaiiFive0CBS: Nothing like a man and his dog! üòçüê∂ Happy #NationalPuppyDay to Eddie, the best pup on the Five-0 Task Force! #H50 https:‚Ä¶"
152,cbs,0.0,Thu Mar 22 22:10:29 +0000 2018,0.0,1.0,0.0,Game on! 16 teams left and the race to the finish continues tonight. Stream #11 Loyola-Chicago vs #7 Nevada LIVE at‚Ä¶ https://t.co/W374rmzzoC
153,cbs,0.7081,Thu Mar 22 20:52:02 +0000 2018,0.066,0.623,0.311,Save the date! These are season finales you do NOT want to miss. RT if you're excited! https://t.co/UUQoWsPPSh https://t.co/cDl4WmxMtU
154,cbs,0.636,Thu Mar 22 00:23:38 +0000 2018,0.0,0.802,0.198,Congratulations to all of the @CBSDaytime nominees for the #DaytimeEmmys! See the full list of #DaytimeEmmy nominee‚Ä¶ https://t.co/ivJVJWvfsf
155,cbs,0.0,Wed Mar 21 18:00:01 +0000 2018,0.0,1.0,0.0,Female Vocalist Of The Year nominee @MarenMorris will show her fans how it‚Äôs done when she takes the stage to showc‚Ä¶ https://t.co/PITjmAoFT8
156,cbs,0.5106,Tue Mar 20 20:00:01 +0000 2018,0.0,0.858,0.142,The legendary @Reba returns to host the 53rd #ACMawards and she‚Äôs proving just how comfortable she is behind the mi‚Ä¶ https://t.co/XPXcSPRXqC
157,cbs,0.0,Tue Mar 20 17:58:43 +0000 2018,0.0,1.0,0.0,RT @nancyodell: Told my daughter I'd be presenting at @ACMawards again this year. (Woot woot!We both luv country music!)She took this pic o‚Ä¶
158,cbs,0.5562,Tue Mar 20 16:52:42 +0000 2018,0.0,0.826,0.174,RT @ladyantebellum: Ecstatic to announce we'll be performing at the #ACMawards in Las Vegas again this year! https://t.co/Qfhs94j6FR
159,cbs,0.0,Tue Mar 20 16:11:00 +0000 2018,0.0,1.0,0.0,"Country superstars @kennychesney, @ladyantebellum, @blakeshelton, and @KeithUrban have just been added to the stell‚Ä¶ https://t.co/bJ4If7MacP"
160,cbs,0.7845,Mon Mar 19 21:02:26 +0000 2018,0.072,0.619,0.309,"RT @YandR_CBS: Forever evolving, Forever inspiring, Forever Young and Restless. ‚ù§Ô∏è Get ready to celebrate 45 years of #YR starting in just‚Ä¶"
161,cbs,0.0,Sun Mar 18 23:44:30 +0000 2018,0.0,1.0,0.0,New start times in East/Central Time Zones: #60Minutes 7:37ET/6:37CT #Instinct series premiere 8:37ET/7:37CT‚Ä¶ https://t.co/xT3YKqmu2M
162,cbs,0.6514,Sun Mar 18 18:05:43 +0000 2018,0.0,0.787,0.213,Spend your Sunday streaming Second Round games LIVE with a FREE trial of CBS All Access! https://t.co/3P85rXLy4b https://t.co/zbWfirD9Ju
163,cbs,0.1867,Sun Mar 18 17:09:53 +0000 2018,0.0,0.92,0.08,"RT @instinctcbs: TONIGHT, Dr. Dylan Reinhart rewrites the book on abnormal behavior. Don't miss the premiere of #Instinct at 8/7c! https://‚Ä¶"
164,cbs,0.0,Sat Mar 17 19:00:02 +0000 2018,0.0,1.0,0.0,"If any duo knows how to rock the stage, it's @FLAGALine. The Vocal Duo Of The Year nominee will perform live at the‚Ä¶ https://t.co/FknabB8NQp"
165,cbs,0.6166,Sat Mar 17 17:42:43 +0000 2018,0.0,0.839,0.161,How is your bracket looking after last night? Stream Second Round games LIVE today with a FREE trial of CBS All Acc‚Ä¶ https://t.co/25JlIpgwog
166,cbs,0.7096,Sat Mar 17 14:00:03 +0000 2018,0.0,0.753,0.247,Where better to spend #StPatricksDay than the place everybody knows your name? It‚Äôs just your luck that every singl‚Ä¶ https://t.co/Fom5wmdENL
167,cbs,0.296,Fri Mar 16 22:53:21 +0000 2018,0.0,0.896,0.104,Stars @JakeMcDorman and Nik Dodani will join the cast in the upcoming revival of Murphy Brown coming to CBS.‚Ä¶ https://t.co/JCAx29lo0i
168,cbs,0.0,Fri Mar 16 18:15:53 +0000 2018,0.0,1.0,0.0,"RT @thegoodfight: Go behind the scenes with costume designer @DanLawsonStyle in ""Behind The Style,"" a new weekly video series all about the‚Ä¶"
169,cbs,0.6514,Fri Mar 16 16:28:40 +0000 2018,0.0,0.822,0.178,The games have just begun! Continue to stream First Round games LIVE today with a FREE trial of CBS All Access:‚Ä¶ https://t.co/YTGsJ48zYP
170,cbs,0.7088,Thu Mar 15 17:54:06 +0000 2018,0.0,0.763,0.237,"RT @TheTalkCBS: You asked, we answered! The fun never ends when the ladies #KeepTalking and answer your fan questions üó£üí¨‚û°Ô∏è https://t.co/ie1‚Ä¶"
171,cbs,-0.4939,Thu Mar 15 17:20:26 +0000 2018,0.157,0.766,0.077,RT @instinctcbs: Dr. Dylan Reinhart is lured back into the field from his life of quiet academia when a certain serial killer makes things‚Ä¶
172,cbs,0.6514,Thu Mar 15 16:42:41 +0000 2018,0.0,0.806,0.194,Stream First Round games LIVE today starting at 12PM ET with a FREE trial of CBS All Access! https://t.co/3P85rXLy4b https://t.co/vZow3YD8cb
173,cbs,0.6115,Thu Mar 15 14:32:16 +0000 2018,0.0,0.734,0.266,RT @CBSSports: It's the most wonderful time of the year. #MarchMadness https://t.co/e4c9qohqSR
174,cbs,0.6696,Wed Mar 14 19:30:01 +0000 2018,0.0,0.781,0.219,"Give these ladies some love! @Lauren_Alaina, @DBradbery, @carlypearce, and @RaeLynn are nominated for New Female Vo‚Ä¶ https://t.co/IVhwURfJ3S"
175,cbs,0.3612,Tue Mar 13 18:48:52 +0000 2018,0.0,0.857,0.143,"RT @ManWithAPlan: Hungry for more #ManWithAPlan bloopers and behind-the-scenes videos featuring cast like @matt_leblanc, @thelizasnyder, @k‚Ä¶"
176,cbs,0.539,Tue Mar 13 14:15:10 +0000 2018,0.0,0.821,0.179,"Music stars @MileyCyrus, @edsheeran, @ladygaga, and more will honor the legendary @eltonofficial and his hit songs‚Ä¶ https://t.co/UzxARCCLnI"
177,cbs,0.2244,Mon Mar 12 18:13:28 +0000 2018,0.0,0.917,0.083,RT @thegoodfight: The verdict is in. The new season of #TheGoodFight is üî•üî•üî•! Stream it now on CBS All Access: https://t.co/FkYSNSXlRb https‚Ä¶
178,cbs,0.0,Mon Mar 12 01:20:43 +0000 2018,0.0,1.0,0.0,"RT @MadamSecretary: In less than an hour, #MadamSecretary's Keith Carradine will be taking over the @MadamSecretary Twitter page! Tweet alo‚Ä¶"
179,cbs,0.4926,Fri Mar 09 22:48:26 +0000 2018,0.0,0.883,0.117,RT @DierksBentley: Take and post a photo of the woman in your life who inspires you daily! Use the hashtag #WomanAmenACM in your post for a‚Ä¶
180,cbs,0.1275,Fri Mar 09 22:24:20 +0000 2018,0.092,0.795,0.113,"RT @MomCBS: If you missed guest star @KChenoweth in the latest episode of #Mom, not to worry! Watch now: https://t.co/RlvXoGOZ0l https://t.‚Ä¶"
181,cbs,0.4215,Fri Mar 09 21:10:21 +0000 2018,0.0,0.823,0.177,"Give a round of applause to @KelseaBallerini, @MirandaLambert, @Reba, @MarenMorris, and @CarrieUnderwood, the five‚Ä¶ https://t.co/Ncp1BTXx6N"
182,cbs,0.8658,Fri Mar 09 18:27:28 +0000 2018,0.0,0.553,0.447,"RT @thegoodfight: Smart, sexy, and sophisticated. See what's coming this season on #TheGoodFight. https://t.co/CuKhx2G50P https://t.co/ygTI‚Ä¶"
183,cbs,0.0,Fri Mar 09 16:02:27 +0000 2018,0.0,1.0,0.0,RT @BlueBloods_CBS: Even stand-up guys fall down sometimes. #BlueBloods is new tonight at 10/9c! https://t.co/UOlDm22wWW
184,cbs,0.8625,Thu Mar 08 18:00:49 +0000 2018,0.0,0.664,0.336,Today and every day we celebrate the women in our lives who empower and inspire us. Share a story about an¬†influent‚Ä¶ https://t.co/9rVtqrElvT
185,cbs,0.4926,Thu Mar 08 17:03:04 +0000 2018,0.0,0.868,0.132,Take and post a photo of the woman in your life who inspires you daily! Use the hashtag #WomanAmenACM in your post‚Ä¶ https://t.co/7ShhvE48zy
186,cbs,-0.2023,Wed Mar 07 18:39:10 +0000 2018,0.23,0.619,0.15,"RT @thegoodfight: Meticulously constructed. Soapy &amp; sexy. Intoxicating, savage television. üî• Here's what critics are saying about #TheGoodF‚Ä¶"
187,cbs,0.0,Wed Mar 07 17:06:02 +0000 2018,0.0,1.0,0.0,"This just in! @Jason_Aldean, @mirandalambert, @LukeBryanOnline, and many more are set to perform at the 53rd Academ‚Ä¶ https://t.co/mfxw2VxzU4"
188,cbs,0.6705,Tue Mar 06 18:10:59 +0000 2018,0.0,0.756,0.244,"Meet the ensemble of talented actors slated to join $1, a new mystery series coming to CBS All Access:‚Ä¶ https://t.co/QoyYv7vxwg"
189,cbs,0.3818,Mon Mar 05 22:16:43 +0000 2018,0.0,0.833,0.167,"Will @Jason_Aldean, @garthbrooks, @LukeBryanOnline, @ChrisStapleton, or @KeithUrban be named Entertainer Of The Yea‚Ä¶ https://t.co/rMD8zjeX3s"
190,cbs,0.4404,Sun Mar 04 08:05:26 +0000 2018,0.0,0.884,0.116,"RT @thegoodfight: It feels good to be back. üë†üíÑüî• The season 2 premiere of #TheGoodFight is now streaming, exclusively on CBS All Access: htt‚Ä¶"
191,cbs,0.0,Sat Mar 03 20:55:20 +0000 2018,0.0,1.0,0.0,"RT @thegoodfight: Tomorrow, #TheGoodFight is back. Stream the season 2 premiere only on CBS All Access: https://t.co/tNFR8LBJO2 https://t.c‚Ä¶"
192,cbs,0.7096,Fri Mar 02 22:30:01 +0000 2018,0.0,0.753,0.247,"Who are the trailblazing women in your life that inspire you? Join CBS and the ANA's #SeeHer initiative, celebratin‚Ä¶ https://t.co/M0KqZ41Bes"
193,cbs,0.7096,Fri Mar 02 20:30:01 +0000 2018,0.0,0.718,0.282,"Join @maria_bello, @aishatyler and @TeaLeoni in celebrating the accomplishments of women who have contributed to th‚Ä¶ https://t.co/MefESBeFL3"
194,cbs,0.4939,Fri Mar 02 18:45:00 +0000 2018,0.0,0.849,0.151,"In honor of Women's History Month, CBS and the Association of National Advertisers' (ANA) #SeeHer initiative will p‚Ä¶ https://t.co/2wtYxKJVuO"
195,cbs,-0.6981,Thu Mar 01 18:59:01 +0000 2018,0.21,0.79,0.0,RT @ZoeListerJones: Tonight‚Äôs an all new Life In Pieces and it‚Äôs directed by my ride or die @nataliaanderson!!!‚Ä¶ https://t.co/2LPfmyLWrY
196,cbs,0.4547,Thu Mar 01 18:12:57 +0000 2018,0.092,0.749,0.159,"RT @MarenMorris: Hot damn! Woke up from my post-wisdom teeth haze to find out I‚Äôm up for 4 @ACMawards ! So honored, especially for the Dear‚Ä¶"
197,cbs,0.8591,Thu Mar 01 18:11:50 +0000 2018,0.0,0.462,0.538,RT @KelseaBallerini: Ohhhhh goodness. Incredible. Thank you thank you thank you. #female https://t.co/1ZTYjNfQeF
198,cbs,0.4885,Thu Mar 01 18:10:50 +0000 2018,0.151,0.615,0.234,RT @KeithUrban: ACMs...... HOLY SMOKES!!!!! MAD LOVE TO U ALL THIS MORNING  FOR THESE INCREDIBLE NOMINATIONS. I‚ÄôM EXTREMELY GRATEFUL!!!!!!!‚Ä¶
199,cbs,0.5994,Thu Mar 01 14:36:21 +0000 2018,0.0,0.822,0.178,"RT @ACMawards: Congratulations to this year‚Äôs #ACMawards Video of the Year nominees:
‚ÄúBlack‚Äù - @DierksBentley
‚ÄúIt Ain‚Äôt My Fault‚Äù - @Brothe‚Ä¶"
200,cnn,0.0,Mon Apr 09 16:43:03 +0000 2018,0.0,1.0,0.0,Some Facebook users can now see whether their data may have been obtained by political data firm Cambridge Analytic‚Ä¶ https://t.co/HFVSiXVeK4
201,cnn,-0.0772,Mon Apr 09 16:36:26 +0000 2018,0.129,0.756,0.116,Mark Zuckerberg has a clear message for Congress in the wake of the Cambridge Analytica scandal: It's my fault:‚Ä¶ https://t.co/sl6PxaHXyO
202,cnn,-0.802,Mon Apr 09 16:24:03 +0000 2018,0.366,0.551,0.083,"President Trump strongly condemns the ""atrocious"" chemical weapons attack in Syria and says a decision on US action‚Ä¶ https://t.co/wBVvORqpm0"
203,cnn,-0.4215,Mon Apr 09 16:15:27 +0000 2018,0.216,0.69,0.095,"Does Putin bear responsibility for the suspected chemical attack in Syria?

President Trump: ‚ÄúHe may, yeah, he may.‚Ä¶ https://t.co/tmDaXti97p"
204,cnn,0.0,Mon Apr 09 16:06:04 +0000 2018,0.0,1.0,0.0,President Trump: ‚ÄúWe‚Äôll be making some major decisions over the next 24 to 48 hours‚Äù on a US response to the suspec‚Ä¶ https://t.co/iSTwBp9FOX
205,cnn,-0.5106,Mon Apr 09 16:00:37 +0000 2018,0.155,0.845,0.0,"President Trump condemns the ‚Äúheinous attack‚Äù on Syrian civilians: ‚ÄúThis is about humanity... If it‚Äôs Russia, if it‚Ä¶ https://t.co/vQxuUYgOo0"
206,cnn,0.0,Mon Apr 09 15:51:28 +0000 2018,0.0,1.0,0.0,"Facebook CEO Mark Zuckerberg is on Capitol Hill to meet with lawmakers, including members of committees holding hea‚Ä¶ https://t.co/vTmwxfTEHS"
207,cnn,-0.802,Mon Apr 09 15:50:06 +0000 2018,0.387,0.613,0.0,"Sean Hannity, who mocked Michelle Obama, says it's wrong to mock Melania Trump | via @CNNopinion‚Ä¶ https://t.co/AgR2qL6zuv"
208,cnn,-0.5423,Mon Apr 09 15:40:08 +0000 2018,0.231,0.769,0.0,"Oklahoma teachers continue their walkout for a sixth day today, maintaining their pressure on state legislators for‚Ä¶ https://t.co/Jppkmfi74G"
209,cnn,0.0258,Mon Apr 09 15:30:10 +0000 2018,0.059,0.876,0.064,"Rick Scott is the toughest challenger Bill Nelson has faced for Florida Senate, but Nelson's still a slight favorit‚Ä¶ https://t.co/EHq9izkgN9"
210,cnn,0.0,Mon Apr 09 15:20:12 +0000 2018,0.0,1.0,0.0,What cities and states are doing about guns since the Parkland shooting https://t.co/vngGcWVQF7 https://t.co/9chaUhwhAl
211,cnn,-0.4588,Mon Apr 09 15:12:03 +0000 2018,0.16,0.84,0.0,The FDA worried this drug was risky. Now doctors are concerned about the report of more than 700 deaths in the less‚Ä¶ https://t.co/esK5Q2wVDM
212,cnn,0.6808,Mon Apr 09 15:07:36 +0000 2018,0.0,0.781,0.219,People from both Canada and the United States are sharing photos of hockey sticks left on porches as a tribute to p‚Ä¶ https://t.co/ubUTEoRBxU
213,cnn,-0.6597,Mon Apr 09 15:03:51 +0000 2018,0.252,0.748,0.0,"A disaster was narrowly averted in eastern India on Saturday after a runaway train carrying up to 1,000 passengers‚Ä¶ https://t.co/3DeQiqTNRR"
214,cnn,0.6808,Mon Apr 09 14:47:09 +0000 2018,0.0,0.781,0.219,Prince Harry and Meghan Markle are asking people who wish to send them a wedding gift to consider donating to one o‚Ä¶ https://t.co/BOh2wHicgI
215,cnn,-0.1901,Mon Apr 09 14:31:06 +0000 2018,0.077,0.923,0.0,"When it comes to Syria, President Trump can tweet and launch strikes if he wants, but not much else | Analysis by‚Ä¶ https://t.co/q5wp5kGq43"
216,cnn,-0.4549,Mon Apr 09 14:21:53 +0000 2018,0.153,0.847,0.0,"RT @cnni: Two of the most wanted fighters from the British ISIS cell called ""the Beatles"" spoke with @npwcnn from inside the detention faci‚Ä¶"
217,cnn,0.0,Mon Apr 09 14:20:03 +0000 2018,0.0,1.0,0.0,"As images of Syrian children gasping and convulsing spread around the world, President Trump and other internationa‚Ä¶ https://t.co/QFqM3UzVxs"
218,cnn,0.3182,Mon Apr 09 14:04:35 +0000 2018,0.0,0.881,0.119,Life coach Tony Robbins apologized for his comments about the #MeToo movement after suggesting during a March event‚Ä¶ https://t.co/U0Ln3fjW8v
219,cnn,0.0,Mon Apr 09 13:52:05 +0000 2018,0.0,1.0,0.0,From political refugee to CEO: How Geisha Williams made history by becoming the first Latina CEO of a Fortune 500 C‚Ä¶ https://t.co/v9AAlj9mmM
220,cnn,0.128,Mon Apr 09 13:40:21 +0000 2018,0.0,0.909,0.091,Defense Secretary James Mattis on the possibility of launching airstrikes against Syrian President Bashar al-Assad'‚Ä¶ https://t.co/4Oi2LTEfJ4
221,cnn,-0.0772,Mon Apr 09 13:29:17 +0000 2018,0.075,0.925,0.0,"""Black Panther"" passes ""Titanic"" at the box office on the all-time list of highest grossing films‚Ä¶ https://t.co/Lf9lIVteVA"
222,cnn,-0.0258,Mon Apr 09 13:20:01 +0000 2018,0.18,0.645,0.175,Attorney General Jeff Sessions just made the opioid war harder to win | via @CNNopinion https://t.co/eO2ZYGLkm8 https://t.co/5ZmHgOzoz7
223,cnn,-0.6597,Mon Apr 09 13:12:03 +0000 2018,0.252,0.748,0.0,"A disaster was narrowly averted in eastern India after a runaway train carrying up to 1,000 passengers rolled with‚Ä¶ https://t.co/lGO0pA0YRX"
224,cnn,-0.0018,Mon Apr 09 13:05:54 +0000 2018,0.123,0.754,0.123,"Syria and it most powerful ally, Russia, blamed Israel for striking an airbase in the war-torn country on Monday, f‚Ä¶ https://t.co/dU3bFRhJlV"
225,cnn,-0.3612,Mon Apr 09 13:00:15 +0000 2018,0.128,0.809,0.064,Stormy Daniels' legal team plans to release a composite sketch of the man the porn star says threatened her in 2011‚Ä¶ https://t.co/Rbmaf5sW4J
226,cnn,0.0,Mon Apr 09 12:49:37 +0000 2018,0.063,0.874,0.063,"Florida Republican Gov. Rick Scott says he's running for the US Senate, setting up a serious challenge to the state‚Ä¶ https://t.co/9oHrPWsZw6"
227,cnn,0.6369,Mon Apr 09 12:45:10 +0000 2018,0.0,0.704,0.296,Beyond Tokyo: 8 of Japan's best foodie destinations https://t.co/0vjI9pVzDK via @CNNTravel https://t.co/MPo2WPjbfX
228,cnn,-0.0258,Mon Apr 09 12:38:55 +0000 2018,0.154,0.647,0.199,Pope Francis says helping the poor and migrants is as important as opposing abortion https://t.co/XHbOXLchua https://t.co/XXBefmOdcn
229,cnn,-0.25,Mon Apr 09 12:37:05 +0000 2018,0.114,0.818,0.068,Russia's Defense Ministry has claimed that Israel was behind a series of strikes on an airbase in central Syria on‚Ä¶ https://t.co/IrPIXbxHUd
230,cnn,0.0,Mon Apr 09 12:30:11 +0000 2018,0.0,1.0,0.0,"Donald Trump always strives to command center stage, but the US President is now embroiled in so many escalating gl‚Ä¶ https://t.co/2yZT9mnSSF"
231,cnn,0.0,Mon Apr 09 12:26:02 +0000 2018,0.0,1.0,0.0,"Deutsche Bank, Germany's biggest lender, is getting rid of its CEO after years of heavy losses.‚Ä¶ https://t.co/O1UvpLNxyz"
232,cnn,0.0,Mon Apr 09 12:19:04 +0000 2018,0.0,1.0,0.0,4 questions Congress must ask Facebook CEO Mark Zuckerberg https://t.co/5PaplSDYRt https://t.co/TPsfQPpUKu
233,cnn,-0.1226,Mon Apr 09 12:16:02 +0000 2018,0.063,0.937,0.0,"Two of the most wanted fighters from the British ISIS cell known as ""the Beatles"" have called some of the group's a‚Ä¶ https://t.co/ErTHLwtmHe"
234,cnn,0.0,Mon Apr 09 12:12:37 +0000 2018,0.0,1.0,0.0,"Facebook CEO Mark Zuckerberg is on Capitol Hill today to meet with lawmakers, including members of committees holdi‚Ä¶ https://t.co/TEjSDM8O0O"
235,cnn,-0.5106,Mon Apr 09 12:12:02 +0000 2018,0.275,0.604,0.121,"New York Times top editor on journalism's ""biggest crisis"" https://t.co/YZqAM2JZ2X https://t.co/aGlBwRjZrc"
236,cnn,0.0,Mon Apr 09 12:04:23 +0000 2018,0.0,1.0,0.0,What cities and states are doing about guns since the Parkland shooting https://t.co/x2gNmQqcvg https://t.co/q70mtKVUqn
237,cnn,0.0,Mon Apr 09 12:03:04 +0000 2018,0.0,1.0,0.0,Designing for hedonists: The evolution of nightclub interiors https://t.co/PJKGBCwL2b via @CNNStyle https://t.co/osJPpj5Jlo
238,cnn,-0.6597,Mon Apr 09 11:59:06 +0000 2018,0.252,0.748,0.0,"A disaster was narrowly averted in eastern India on Saturday after a runaway train carrying up to 1,000 passengers‚Ä¶ https://t.co/VGZeMMBqZ9"
239,cnn,0.0,Mon Apr 09 11:56:02 +0000 2018,0.0,1.0,0.0,"How President Trump might counter ""Animal Assad"" https://t.co/1UCL0ugNRt | via @CNNOpinion https://t.co/6Vxl00eqbc"
240,cnn,0.5859,Mon Apr 09 11:51:07 +0000 2018,0.0,0.759,0.241,16-year-old breaks Commonwealth Games record to win shooting gold for India https://t.co/ckEnqdDG2p https://t.co/Y7CYQy1zrp
241,cnn,-0.3818,Mon Apr 09 11:44:06 +0000 2018,0.178,0.822,0.0,Here's everything you need to know about the US-China trade battle https://t.co/qfAXCtoeph https://t.co/qc6MwmahAG
242,cnn,-0.5423,Mon Apr 09 11:39:27 +0000 2018,0.231,0.769,0.0,"Oklahoma teachers will continue their walkout for a sixth day today, maintaining their pressure on state legislator‚Ä¶ https://t.co/FdYFsxlo0U"
243,cnn,-0.6124,Mon Apr 09 11:38:04 +0000 2018,0.417,0.583,0.0,"Lightning strike kills 1, injures 4 in Florida https://t.co/iDZeD9keEh https://t.co/MnHKWwyfzB"
244,cnn,0.0,Mon Apr 09 11:31:05 +0000 2018,0.0,1.0,0.0,Atlanta is the world's busiest airport for another year. Here's the rest of the list: https://t.co/qy5qAnTwjG
245,cnn,0.0,Mon Apr 09 11:30:06 +0000 2018,0.0,1.0,0.0,"As images of Syrian children gasping and convulsing spread around the world, President Trump and other internationa‚Ä¶ https://t.co/4UF8wtRLft"
246,cnn,-0.6249,Mon Apr 09 11:26:30 +0000 2018,0.186,0.814,0.0,"RT @NewDay: ""They're really very ordinary,"" says @npwcnn of British ISIS terrorists called ""the Beatles.""

""Unextraordinary people to some‚Ä¶"
247,cnn,-0.1226,Mon Apr 09 11:26:19 +0000 2018,0.066,0.934,0.0,"Two of the most wanted fighters from the British ISIS cell called ""the Beatles"" have called some of the group's act‚Ä¶ https://t.co/TJ5ez1pFVh"
248,cnn,0.0,Mon Apr 09 11:26:05 +0000 2018,0.0,1.0,0.0,US military resumes air operations in Djibouti https://t.co/tb7GCGzpIl https://t.co/dMKZRtdHaw
249,cnn,-0.6597,Mon Apr 09 11:20:03 +0000 2018,0.318,0.568,0.114,Ferrari mechanic suffers a broken leg after being hit by a car during a pit stop at the Bahrain Grand Prix https://t.co/Hz9pxAiJFO
250,cnn,0.3182,Mon Apr 09 11:16:03 +0000 2018,0.0,0.881,0.119,Life coach Tony Robbins apologized for his comments about the #MeToo movement after suggesting during a March event‚Ä¶ https://t.co/iWTVDtKsqB
251,cnn,0.0,Mon Apr 09 11:12:06 +0000 2018,0.0,1.0,0.0,Advocacy groups claim YouTube illegally collects data from kids https://t.co/cekqlCi0z1 https://t.co/zjlS4plfp6
252,cnn,-0.4588,Mon Apr 09 11:10:34 +0000 2018,0.16,0.84,0.0,The FDA worried this drug was risky. Now doctors are concerned about the report of more than 700 deaths in the less‚Ä¶ https://t.co/7v8OKBAdFh
253,cnn,0.0,Mon Apr 09 11:06:04 +0000 2018,0.0,1.0,0.0,Cambridge Analytica whistleblower says data could've come from more than 87 million users and be stored in Russia‚Ä¶ https://t.co/Ul43cBSA1l
254,cnn,-0.4019,Mon Apr 09 11:00:09 +0000 2018,0.153,0.847,0.0,"5 things for Monday:

- Syria
- Alaska 'bathroom bill'
- Hungary election
- Canada bus crash
- Tony Robbins and‚Ä¶ https://t.co/4MGWimP6ee"
255,cnn,-0.802,Mon Apr 09 10:58:02 +0000 2018,0.444,0.556,0.0,Army identifies two soldiers killed in Kentucky helicopter crash https://t.co/Dqje3GDcLG https://t.co/rXwFCMGiXH
256,cnn,-0.3182,Mon Apr 09 10:52:06 +0000 2018,0.246,0.628,0.126,Syria attack response looms over John Bolton's first week as national security adviser https://t.co/iqhidMOnZO https://t.co/YKp7r5Vlt0
257,cnn,0.0,Mon Apr 09 10:50:07 +0000 2018,0.0,1.0,0.0,"When Congress returns Monday from a two-week recess, all eyes will be on Facebook CEO Mark Zuckerberg as he takes t‚Ä¶ https://t.co/rvKkEqwlqD"
258,cnn,-0.4588,Mon Apr 09 10:46:04 +0000 2018,0.25,0.75,0.0,"A year after the US attacked Syria, what's changed? https://t.co/fD4i63D5cc https://t.co/T2skoyLYDv"
259,cnn,0.2263,Mon Apr 09 10:45:04 +0000 2018,0.14,0.628,0.232,Should Democrats worry that a blue wave is being treated like a sure thing? | Analysis by @zbyronwolf¬†‚Ä¶ https://t.co/ic7X2vHlwu
260,cnn,-0.6249,Mon Apr 09 10:41:02 +0000 2018,0.389,0.611,0.0,"Muenster van attack driver acted alone, police say https://t.co/0ImvR5IoMW https://t.co/BweBbbfH2O"
261,cnn,0.0,Mon Apr 09 10:35:35 +0000 2018,0.0,1.0,0.0,Bill Cosby's retrial begins in Pennsylvania today -- the first time the comedian's case returns to court since the‚Ä¶ https://t.co/mKOcWGBE5R
262,cnn,0.0,Mon Apr 09 10:35:05 +0000 2018,0.0,1.0,0.0,"Republican Sen. John McCain says President Trump ""emboldened"" Syrian leader Bashar al-Assad with comments on US wit‚Ä¶ https://t.co/2Dm4Cpqyla"
263,cnn,0.0,Mon Apr 09 10:31:07 +0000 2018,0.0,1.0,0.0,"New Trump adviser is ""not much of a carrot man"" https://t.co/5yAePVYewm | via @CNNopinion https://t.co/Cib9B7ZUTl"
264,cnn,-0.3182,Mon Apr 09 10:26:01 +0000 2018,0.112,0.837,0.051,Several cities and states have taken matters into their own hands on gun regulation since the February 14 Parkland‚Ä¶ https://t.co/f9mmASATVg
265,cnn,0.0,Mon Apr 09 10:21:02 +0000 2018,0.0,1.0,0.0,New details about the birth of the third child of the Duke and Duchess of Cambridge have been revealed by Kensingto‚Ä¶ https://t.co/A6r1pHeuqm
266,cnn,-0.1655,Mon Apr 09 10:15:07 +0000 2018,0.142,0.858,0.0,"Ad boycott continues, but Laura Ingraham is coming back https://t.co/A9aXH4c6Tb https://t.co/KBp3OW1IMd"
267,cnn,-0.7096,Mon Apr 09 10:12:04 +0000 2018,0.269,0.731,0.0,"The US denied attacking a Syrian airfield on Sunday, hours after President Donald Trump tweeted ""Animal Assad"" woul‚Ä¶ https://t.co/KAoUrZQTf4"
268,cnn,0.3612,Mon Apr 09 10:06:04 +0000 2018,0.0,0.828,0.172,Jimmy Kimmel apologizes for jabs at Fox News host Sean Hannity https://t.co/fZDKYMkN5H https://t.co/WWKAqAwmj3
269,cnn,0.0,Mon Apr 09 09:59:03 +0000 2018,0.0,1.0,0.0,"Stormy Daniels' attorney has once again filed a motion to depose President Donald Trump and his lawyer, Michael Coh‚Ä¶ https://t.co/NjypxY1Pex"
270,cnn,-0.1531,Mon Apr 09 09:57:23 +0000 2018,0.071,0.929,0.0,"Are you one of the 87 million Facebook users affected by the Cambridge Analytica data breach?

CNN wants to hear fr‚Ä¶ https://t.co/ceSEBdQnht"
271,cnn,-0.5719,Mon Apr 09 09:52:58 +0000 2018,0.236,0.764,0.0,"""A Quiet Place"" leads box office as horror keeps making noise https://t.co/gEzgD5vtI4 https://t.co/Cdq3ZTV6jE"
272,cnn,-0.25,Mon Apr 09 09:43:05 +0000 2018,0.114,0.818,0.068,Russia's Defense Ministry has claimed that Israel was behind a series of strikes on an airbase in central Syria on‚Ä¶ https://t.co/n3Xv9yvPZ8
273,cnn,-0.5423,Mon Apr 09 09:34:03 +0000 2018,0.22,0.78,0.0,"Oklahoma teachers to continue their walkout for a sixth day, maintaining their pressure on state legislators for in‚Ä¶ https://t.co/QClmRnFGPP"
274,cnn,-0.6597,Mon Apr 09 09:27:21 +0000 2018,0.318,0.568,0.114,Ferrari mechanic suffers a broken leg after being hit by a car during a pit stop at the Bahrain Grand Prix https://t.co/dolD3bQW65
275,cnn,0.0,Mon Apr 09 09:14:52 +0000 2018,0.0,1.0,0.0,New details about the birth of the third child of the Duke and Duchess of Cambridge have been revealed by Kensingto‚Ä¶ https://t.co/HIZw9JEsqf
276,cnn,-0.1226,Mon Apr 09 09:09:42 +0000 2018,0.063,0.937,0.0,"Two of the most wanted fighters from the British ISIS cell known as ""the Beatles"" have called some of the group's a‚Ä¶ https://t.co/4ZAF4Buuje"
277,cnn,-0.3182,Mon Apr 09 08:58:40 +0000 2018,0.112,0.837,0.051,Several cities and states have taken matters into their own hands on gun regulation since the February 14 Parkland‚Ä¶ https://t.co/qkxc9sCfrk
278,cnn,0.0,Mon Apr 09 08:49:22 +0000 2018,0.0,1.0,0.0,Atlanta is the world's busiest airport for another year. Here's the rest of the list: https://t.co/kaAwtr1PRg
279,cnn,-0.1655,Mon Apr 09 08:30:12 +0000 2018,0.142,0.858,0.0,"Ad boycott continues, but Laura Ingraham is coming back https://t.co/OnXNdAF10s https://t.co/Y4NlvfUxSx"
280,cnn,0.0,Mon Apr 09 08:20:50 +0000 2018,0.0,1.0,0.0,Advocacy groups claim YouTube illegally collects data from kids https://t.co/6EXVuwK63a https://t.co/3cvTdyRhuq
281,cnn,-0.5106,Mon Apr 09 08:14:20 +0000 2018,0.275,0.604,0.121,"New York Times top editor on journalism's ""biggest crisis"" https://t.co/gCbhz0zlxi https://t.co/10pUTf3wWe"
282,cnn,0.0,Mon Apr 09 08:07:51 +0000 2018,0.0,1.0,0.0,"How President Trump might counter ""Animal Assad"" https://t.co/goFKFPnLS5 | via @CNNOpinion https://t.co/VrIRXtkC48"
283,cnn,0.34,Mon Apr 09 08:00:13 +0000 2018,0.0,0.862,0.138,Facebook is about to tell users if their data was shared with Cambridge Analytica https://t.co/mEPmgsQo81 https://t.co/DxiWnScgLL
284,cnn,-0.6597,Mon Apr 09 07:44:42 +0000 2018,0.252,0.748,0.0,"A disaster was narrowly averted in eastern India on Saturday after a runaway train carrying up to 1,000 passengers‚Ä¶ https://t.co/cddXNNQgTk"
285,cnn,0.5859,Mon Apr 09 07:36:35 +0000 2018,0.0,0.759,0.241,16-year-old breaks Commonwealth Games record to win shooting gold for India https://t.co/wJBSQSwWGh https://t.co/fI8userxuW
286,cnn,-0.802,Mon Apr 09 07:30:11 +0000 2018,0.444,0.556,0.0,Army identifies two soldiers killed in Kentucky helicopter crash https://t.co/NgPIsEyCAL https://t.co/gCSI008DZC
287,cnn,0.3612,Mon Apr 09 07:18:36 +0000 2018,0.0,0.828,0.172,Jimmy Kimmel apologizes for jabs at Fox News host Sean Hannity https://t.co/2dV4CmYW9h https://t.co/fVz6ytkiih
288,cnn,-0.7096,Mon Apr 09 07:10:34 +0000 2018,0.269,0.731,0.0,"The US denied attacking a Syrian airfield on Sunday, hours after President Donald Trump tweeted ""Animal Assad"" woul‚Ä¶ https://t.co/N69urZ0lxM"
289,cnn,0.0,Mon Apr 09 07:00:13 +0000 2018,0.0,1.0,0.0,Hungary's Euroskeptic leader Orban claims victory https://t.co/TCOwkEp1tR https://t.co/bOB92B3SNF
290,cnn,0.0,Mon Apr 09 06:50:09 +0000 2018,0.0,1.0,0.0,Designing for hedonists: The evolution of nightclub interiors https://t.co/CBgVJaCtfg via @CNNStyle https://t.co/LDOsfa3zmV
291,cnn,-0.6249,Mon Apr 09 06:39:39 +0000 2018,0.389,0.611,0.0,"Muenster van attack driver acted alone, police say https://t.co/lI5QGWerel https://t.co/RT0vGrdhVP"
292,cnn,0.0,Mon Apr 09 06:30:08 +0000 2018,0.0,1.0,0.0,US military resumes air operations in Djibouti https://t.co/Pdgu67UR2M https://t.co/760nXrhQ2x
293,cnn,-0.3818,Mon Apr 09 06:28:33 +0000 2018,0.178,0.822,0.0,Here's everything you need to know about the US-China trade battle https://t.co/tNuqnPsOGC https://t.co/GB5qEQUC0L
294,cnn,0.0,Mon Apr 09 06:14:25 +0000 2018,0.0,1.0,0.0,Chicago attorney general to oversee FBI document release to House https://t.co/fEPioN0wBI
295,cnn,-0.3182,Mon Apr 09 06:00:13 +0000 2018,0.246,0.628,0.126,Syria attack response looms over John Bolton's first week as national security adviser https://t.co/fl4Bp3ZLry https://t.co/KYikDpaZs8
296,cnn,0.3182,Mon Apr 09 05:39:41 +0000 2018,0.0,0.881,0.119,Life coach Tony Robbins apologized for his comments about the #MeToo movement after suggesting during a March event‚Ä¶ https://t.co/MN9mWwRWsy
297,cnn,0.0,Mon Apr 09 05:30:48 +0000 2018,0.0,1.0,0.0,"Donald Trump always strives to command center stage, but the US President is now embroiled in so many escalating gl‚Ä¶ https://t.co/yOjgT8eFoG"
298,cnn,0.0,Mon Apr 09 05:30:14 +0000 2018,0.0,1.0,0.0,"Republican Sen. John McCain says President Trump ""emboldened"" Syrian leader Bashar al-Assad with comments on US wit‚Ä¶ https://t.co/oEdzG3EgIv"
299,cnn,-0.296,Mon Apr 09 05:00:14 +0000 2018,0.136,0.864,0.0,"Gun-toting congressman is right. He's no Gabby Giffords, writes Steven Lubet for @CNNopinion https://t.co/r3Hc3qozvq https://t.co/hSKe7m7mFz"
300,foxnews,0.0,Mon Apr 09 16:36:06 +0000 2018,0.0,1.0,0.0,.@POTUS orders National Guard to the southern border https://t.co/0RXkQA4C3x
301,foxnews,0.0,Mon Apr 09 16:25:49 +0000 2018,0.0,1.0,0.0,"US Attorney John Lausch to oversee FISA warrant document release - via @brookefoxnews @JakeBGibson 
https://t.co/U6X5kS5ZCD"
302,foxnews,-0.128,Mon Apr 09 16:25:41 +0000 2018,0.111,0.889,0.0,Solar storm could strike Earth this week: What you need to know https://t.co/ji311frJMA
303,foxnews,0.0,Mon Apr 09 16:22:56 +0000 2018,0.0,1.0,0.0,US Attorney John Lausch to oversee FISA warrant document release https://t.co/9WPO96H5iu
304,foxnews,0.0,Mon Apr 09 16:21:48 +0000 2018,0.0,1.0,0.0,Secretary Mattis on Possible US Military Action Against Assad: 'I Don't Rule Out Anything' https://t.co/RiGBLS5PQn
305,foxnews,-0.5574,Mon Apr 09 16:15:47 +0000 2018,0.338,0.662,0.0,"Mattis faults Russia on Syria, won't rule out US strike https://t.co/wOB9EKByH9"
306,foxnews,-0.2263,Mon Apr 09 16:12:51 +0000 2018,0.094,0.851,0.055,.@POTUS: ‚ÄúWe need a wall‚Ä¶ It‚Äôll stop a lot of people that we don‚Äôt want in this country from coming into our countr‚Ä¶ https://t.co/55wEoECcWe
307,foxnews,0.0,Mon Apr 09 16:10:12 +0000 2018,0.0,1.0,0.0,.@POTUS: ‚ÄúWe‚Äôre putting the National Guard and military at the border. We‚Äôre beefing up the border patrol.‚Äù https://t.co/JGa4JiYLZE
308,foxnews,0.5859,Mon Apr 09 16:06:20 +0000 2018,0.0,0.798,0.202,.@POTUS on trade: ‚ÄúChina has been taking advantage of the United States for many years‚Ä¶ They have really done a num‚Ä¶ https://t.co/XbqM27U4AX
309,foxnews,-0.7351,Mon Apr 09 16:03:05 +0000 2018,0.246,0.754,0.0,".@POTUS on the alleged Syria chemical attack: ‚ÄúIt was an atrocious attack, it was horrible‚Ä¶ We‚Äôll be making some ma‚Ä¶ https://t.co/NLaDnkB6fs"
310,foxnews,-0.3182,Mon Apr 09 15:48:51 +0000 2018,0.187,0.813,0.0,.@Richardafowler on escalating trade tension between China and the U.S. https://t.co/cEPZmWKl72
311,foxnews,-0.3182,Mon Apr 09 15:41:12 +0000 2018,0.247,0.753,0.0,Alex Conant: ‚ÄúEveryone loses in a trade war.‚Äù https://t.co/pPKIsqKU3f
312,foxnews,0.0,Mon Apr 09 15:30:54 +0000 2018,0.0,1.0,0.0,RT @FoxBusiness: Dow at session highs: https://t.co/I7RKNQgnlb https://t.co/6GPmRL0K23
313,foxnews,0.128,Mon Apr 09 15:20:42 +0000 2018,0.0,0.88,0.12,'Shirtless' daredevil draped in American flag climbs 200-foot crane in Hollywood https://t.co/LObFSY5JsF
314,foxnews,-0.296,Mon Apr 09 15:06:25 +0000 2018,0.145,0.855,0.0,"Breaking News: Body of Tennessee double-murder suspect believed to be found, sheriff says https://t.co/lEbAZCvlrf"
315,foxnews,0.0,Mon Apr 09 14:43:27 +0000 2018,0.0,1.0,0.0,Toddler on American Airlines flight hit in head with oxygen canister that fell from ceiling during landing https://t.co/BO5ZoXFtDO
316,foxnews,0.0,Mon Apr 09 14:36:36 +0000 2018,0.0,1.0,0.0,"Brandon Judd: ‚ÄúWhen we have the National Guard on the border, the cartels take notice.‚Äù https://t.co/zQ5dC38M6D"
317,foxnews,0.3182,Mon Apr 09 14:34:51 +0000 2018,0.0,0.874,0.126,"‚ÄúIt‚Äôs going to be a huge boon."" ‚Äì Brandon Judd on @USNationalGuard troops heading to the southern border https://t.co/HpdVpSk2WD"
318,foxnews,0.0,Mon Apr 09 14:29:26 +0000 2018,0.0,1.0,0.0,Texas Gov on Sending Nat'l Guard to Border: 'There's a Mathematical Need For This' https://t.co/zaGRhlMHdb
319,foxnews,-0.5574,Mon Apr 09 14:26:01 +0000 2018,0.231,0.769,0.0,Horse trailer carrying at least 18 illegal immigrants crashes in Southern California https://t.co/vDBNYCcCfP
320,foxnews,0.0,Mon Apr 09 14:23:41 +0000 2018,0.0,1.0,0.0,"Mac Thornberry: ""We‚Äôve got to do whatever it takes to have planes that fly and have training that is appropriate fo‚Ä¶ https://t.co/PxyBSYRb7e"
321,foxnews,0.4576,Mon Apr 09 14:20:34 +0000 2018,0.0,0.88,0.12,"Mac Thornberry: ‚ÄúWhat we do speaks much more clearly than what we say, and to show Putin and Assad and everybody el‚Ä¶ https://t.co/pXOMQvtSfZ"
322,foxnews,0.0,Mon Apr 09 14:15:12 +0000 2018,0.0,1.0,0.0,"Mac Thornberry: ‚ÄúWe cannot fix Syria...We have to work with our allies to try to keep a lid on things."" https://t.co/VaXqZgzSTW"
323,foxnews,0.3612,Mon Apr 09 14:12:15 +0000 2018,0.0,0.706,0.294,Tony Robbins apologizes for #MeToo comments https://t.co/NDTXRdhvmr
324,foxnews,0.34,Mon Apr 09 14:08:49 +0000 2018,0.0,0.854,0.146,"Mac Thornberry: ""Syria is a cauldron of security concerns for all sorts of countries.‚Äù https://t.co/UjnLduMUV4 https://t.co/b3lTjMkMql"
325,foxnews,0.3818,Mon Apr 09 14:05:35 +0000 2018,0.0,0.88,0.12,"RT @FoxBusiness: .@SecretaryPerry: ""Now, because of American innovation, American technology, we are now in the driver's seat when it comes‚Ä¶"
326,foxnews,0.4336,Mon Apr 09 14:05:23 +0000 2018,0.0,0.856,0.144,"RT @FoxBusiness: .@SecretaryPerry: ""Fracking, horizontal drilling completely changed the dynamic out there in the world from the standpoint‚Ä¶"
327,foxnews,0.4939,Mon Apr 09 14:04:13 +0000 2018,0.0,0.789,0.211,"Meghan Markle, Prince Harry ask for donations to charities as wedding gifts https://t.co/UPI4eSKubw"
328,foxnews,0.0,Mon Apr 09 14:01:51 +0000 2018,0.0,1.0,0.0,Homeless residents brag about makeshift 'mansion' near Seattle's famed Space Needle https://t.co/O3WadCSrqE
329,foxnews,-0.5423,Mon Apr 09 13:12:00 +0000 2018,0.243,0.757,0.0,"Facebook must shape up, or it will be 'broken up,' senator warns https://t.co/Q8Rozj7Hrr #fntech (via @christocarbone)"
330,foxnews,-0.7096,Mon Apr 09 13:01:08 +0000 2018,0.33,0.67,0.0,Topless woman charges at Bill Cosby as he arrives for sex assault retrial https://t.co/7ekE4V4H7F
331,foxnews,0.0,Mon Apr 09 12:59:25 +0000 2018,0.0,1.0,0.0,".@SecretaryPerry: ‚ÄúYou‚Äôve got to have boots on the ground, you‚Äôve got to have the technologies, that‚Äôs the reason t‚Ä¶ https://t.co/nGnZTfWihb"
332,foxnews,-0.5859,Mon Apr 09 12:52:15 +0000 2018,0.348,0.652,0.0,73-year-old survives crash through brick wall and down 10-foot drop https://t.co/JH9HTBtN4u
333,foxnews,0.6808,Mon Apr 09 12:30:27 +0000 2018,0.0,0.763,0.237,.@ScottWalker: ‚ÄúWe protect our shores and our borders and I applaud the president for stepping up to take on illega‚Ä¶ https://t.co/p97zi26qGq
334,foxnews,-0.0747,Mon Apr 09 12:10:12 +0000 2018,0.145,0.727,0.128,Hackers hit Iran with US flag and 'Don't mess with our elections' warning https://t.co/Wp8Qc5G4Si
335,foxnews,0.6124,Mon Apr 09 11:46:36 +0000 2018,0.0,0.688,0.312,.@GovAbbott on @foxandfriends: ‚ÄúTexas wants to ensure that we secure the border.‚Äù https://t.co/fwGehxeoqM
336,foxnews,0.7713,Mon Apr 09 11:45:07 +0000 2018,0.0,0.718,0.282,".@GovAbbott: ""The people of Texas are very appreciative that the president of the United States has recognized this‚Ä¶ https://t.co/kMRze2Y37o"
337,foxnews,0.0,Mon Apr 09 11:32:36 +0000 2018,0.0,1.0,0.0,Ronald Vitello: ‚ÄúConsequences matter‚Ä¶We need to reduce the activity level at the border.‚Äù @foxandfriends https://t.co/IfOPglGQfx
338,foxnews,0.0,Mon Apr 09 11:26:49 +0000 2018,0.0,1.0,0.0,Cooler than average temperatures continue for the Midwest and Northeast (via @JaniceDean) https://t.co/ci8Hm7Q6Of
339,foxnews,0.0,Mon Apr 09 11:25:01 +0000 2018,0.0,1.0,0.0,"JUST IN: Florida GOP Gov. Rick Scott running for Senate, report says https://t.co/hQgoeiQpsb"
340,foxnews,0.4019,Mon Apr 09 11:23:38 +0000 2018,0.0,0.856,0.144,Ronald Vitello on @USNationalGuard at the southern border: ‚ÄúThey‚Äôre going to help us by adding capacity.‚Äù‚Ä¶ https://t.co/oiOA1sIqWU
341,foxnews,-0.5574,Mon Apr 09 11:05:02 +0000 2018,0.295,0.591,0.114,".@RalphNorman: ‚ÄúI believe that the only thing that stops a bad guy with a gun, is a good guy with a gun.‚Äù https://t.co/eboQAn54i6"
342,foxnews,0.0772,Mon Apr 09 10:58:23 +0000 2018,0.0,0.925,0.075,"OPINION: Want jobs? Nebraska reforms have more people working, fewer on welfare and food stamps (via‚Ä¶ https://t.co/t9QPR8HRKx"
343,foxnews,-0.9062,Mon Apr 09 10:32:14 +0000 2018,0.468,0.532,0.0,.@LindseyGrahamSC on the suspected Syria chemical attack: ‚ÄúI think now [Assad] is a legitimate war criminal in the‚Ä¶ https://t.co/nunsCfmgbG
344,foxnews,-0.8402,Mon Apr 09 10:28:47 +0000 2018,0.417,0.583,0.0,.@LindseyGrahamSC on the suspected Syria chemical attack: ‚ÄúWe should make [Assad] pay a heavy price by destroying h‚Ä¶ https://t.co/e9yFdSIgWJ
345,foxnews,-0.802,Mon Apr 09 10:28:05 +0000 2018,0.474,0.526,0.0,Army identifies 2 killed in helicopter crash in Kentucky https://t.co/O2k3izcQvA https://t.co/wWVEuIaCpL
346,foxnews,-0.7003,Mon Apr 09 10:07:05 +0000 2018,0.326,0.674,0.0,Russia blames Israel for deadly airstrike on Assad base after alleged chemical attack https://t.co/ttl3yWlLZf
347,foxnews,-0.6249,Mon Apr 09 09:56:41 +0000 2018,0.287,0.622,0.091,.@RLHeinrichs on the Syria chemical attack: ‚ÄúYou can‚Äôt allow chemical weapons to continue being used.‚Äù‚Ä¶ https://t.co/CnW8ZaedJP
348,foxnews,0.0,Mon Apr 09 09:41:32 +0000 2018,0.0,1.0,0.0,Sen. Jeff Flake's son seeks new civil trial against Joe Arpaio https://t.co/rqc9nLB9Tm https://t.co/RhieDXVfYz
349,foxnews,0.0,Mon Apr 09 09:35:10 +0000 2018,0.0,1.0,0.0,Texas Begins Deploying Troops to the Border https://t.co/9gYLu12hvH https://t.co/VsUSbZhUtE
350,foxnews,-0.128,Mon Apr 09 09:16:10 +0000 2018,0.147,0.736,0.117,South Carolina reps introduce bill to allow debate on secession over gun laws https://t.co/xa9m1r0ptu
351,foxnews,-0.5423,Mon Apr 09 09:01:54 +0000 2018,0.163,0.837,0.0,"Democratic strategist Chuck Rocha: ""Nobody in America wants anybody coming here who wants to do harm to America."" https://t.co/MYBFQmnRBu"
352,foxnews,-0.4019,Mon Apr 09 09:00:00 +0000 2018,0.229,0.684,0.087,.@larry_kudlow tries to calm trade war fears but says #Trump 'not bluffing' about China tariffs https://t.co/dUUt2Xc9G6
353,foxnews,-0.5423,Mon Apr 09 08:55:00 +0000 2018,0.259,0.741,0.0,New high-speed Florida train kills 4th person since launching service https://t.co/bQAcrPIa3x
354,foxnews,-0.7003,Mon Apr 09 08:50:00 +0000 2018,0.326,0.674,0.0,Russia blames Israel for deadly airstrike on Assad base after alleged chemical attack https://t.co/ttl3yWDmQN
355,foxnews,-0.4404,Mon Apr 09 08:42:00 +0000 2018,0.172,0.828,0.0,".@RepMcCaul: ""I remember @JohnKerry saying, 'We took all their chemical weapons away.' Obviously not."" https://t.co/x7G1yQlN19"
356,foxnews,0.0,Mon Apr 09 08:40:19 +0000 2018,0.0,1.0,0.0,".@NanHayworth: ""Extreme vetting, which has been applied to targeted nations that we know are the sources of terror‚Ä¶ https://t.co/OV0e9TAMSN"
357,foxnews,0.0,Mon Apr 09 08:37:00 +0000 2018,0.0,1.0,0.0,Child advocates ask FTC to investigate YouTube https://t.co/vZEB4ezBGD
358,foxnews,0.0,Mon Apr 09 08:32:40 +0000 2018,0.0,1.0,0.0,Texas begins deploying troops to southern border https://t.co/iKj4LWihu4
359,foxnews,0.7783,Mon Apr 09 08:32:00 +0000 2018,0.0,0.657,0.343,"On @foxandfriends, @cvpayne praised President @realDonaldTrump's economic policies and their positive results for A‚Ä¶ https://t.co/Cos9MFoHLP"
360,foxnews,-0.7506,Mon Apr 09 08:30:09 +0000 2018,0.314,0.686,0.0,"Delta passenger suffered 'painful' cartilage damage after child on flight repeatedly kicked her, she claims https://t.co/bcvwOCIhxd"
361,foxnews,-0.4404,Mon Apr 09 08:22:21 +0000 2018,0.233,0.661,0.106,"National security analyst Ryan Mauro on Syrian chemical attack: ""I see no other option besides military action.""‚Ä¶ https://t.co/mbBmTmeoQH"
362,foxnews,0.0,Mon Apr 09 08:21:00 +0000 2018,0.0,1.0,0.0,States sending troops to Mexico border. https://t.co/Zep3xNOoPF
363,foxnews,-0.7184,Mon Apr 09 08:18:00 +0000 2018,0.273,0.727,0.0,".@TheRealJohnHCox: ""This criminal idea of the sanctuary state movement - the people are upset about this because it‚Ä¶ https://t.co/EGULsWk376"
364,foxnews,-0.0747,Mon Apr 09 08:16:41 +0000 2018,0.145,0.727,0.128,Hackers hit Iran with US flag and 'Don't mess with our elections' warning https://t.co/Wp8Qc5XGgS
365,foxnews,-0.802,Mon Apr 09 08:09:05 +0000 2018,0.474,0.526,0.0,Army identifies 2 killed in helicopter crash in Kentucky https://t.co/O2k3izcQvA https://t.co/Zy0NMuT2el
366,foxnews,0.0,Mon Apr 09 08:06:02 +0000 2018,0.0,1.0,0.0,The lava lake at the summit of Hawaii‚Äôs Kilauea Volcano bubbled and spat on the morning of April 4. The USGS Hawaii‚Ä¶ https://t.co/edPWaWO7Fp
367,foxnews,0.5719,Mon Apr 09 08:00:01 +0000 2018,0.0,0.821,0.179,".@SarahPalinUSA: ""This is unprecedented‚Äî all those elements of a perfect storm against the will of the people havin‚Ä¶ https://t.co/50FsSD8zBl"
368,foxnews,-0.4767,Mon Apr 09 07:55:00 +0000 2018,0.193,0.807,0.0,"Arizona mom arrested after toddler ate THC-laced mac and cheese, cops say https://t.co/jQii3c6P4C https://t.co/K5C9IRUSRU"
369,foxnews,0.25,Mon Apr 09 07:50:00 +0000 2018,0.0,0.9,0.1,"DOG OF ALL TRADES: Besides being a detection dog, Belle doubles as a fetch expert, showcasing advanced skill by sna‚Ä¶ https://t.co/WEJxOK3WHA"
370,foxnews,0.6249,Mon Apr 09 07:49:00 +0000 2018,0.0,0.814,0.186,".@larry_kudlow: ""Look, [@POTUS is] great negotiator. He has a whole history of that. But in this process, tariffs h‚Ä¶ https://t.co/ddr3vFEmn4"
371,foxnews,0.5859,Mon Apr 09 07:45:00 +0000 2018,0.0,0.703,0.297,Kyle Busch gets first win at Texas NASCAR race https://t.co/PKCjX7kuUT
372,foxnews,-0.3612,Mon Apr 09 07:40:00 +0000 2018,0.122,0.878,0.0,".@TomFitton: ""@TheJusticeDept was a mess under Loretta Lynch. This meeting was an indication or an example of the w‚Ä¶ https://t.co/sM0FKs7CP4"
373,foxnews,-0.2649,Mon Apr 09 07:35:00 +0000 2018,0.219,0.637,0.144,Syrian media report missile attack; US says it didn't fire https://t.co/kYjEZvRJjl
374,foxnews,0.0,Mon Apr 09 07:30:00 +0000 2018,0.0,1.0,0.0,".@SarahPalinUSA on ObamaCare: ""It's an atrocity."" https://t.co/gb39DWQdUU"
375,foxnews,0.0,Mon Apr 09 07:25:00 +0000 2018,0.0,1.0,0.0,.@elonmusk posts picture of BFR's 'main body tool' to be used for interplanetary missions https://t.co/prcYknD0jT
376,foxnews,-0.4404,Mon Apr 09 07:20:00 +0000 2018,0.162,0.838,0.0,".@cvpayne: ""This last month we saw the second-lowest unemployment rate for black Americans in history."" https://t.co/MAmmH6WoBb"
377,foxnews,0.0,Mon Apr 09 07:15:00 +0000 2018,0.0,1.0,0.0,.@POTUS and the economy. https://t.co/844HTnymWT
378,foxnews,0.0,Mon Apr 09 07:11:00 +0000 2018,0.0,1.0,0.0,".@SarahPalinUSA on running for governor: ""We had a lot of corruption going on in our state, and people wanted it cl‚Ä¶ https://t.co/xmE8GHaXmL"
379,foxnews,-0.2617,Mon Apr 09 07:07:00 +0000 2018,0.097,0.903,0.0,.@DevinNunes on the chemical attack in Syria: ‚ÄúI haven‚Äôt been briefed on this yet‚Ä¶ but obviously it‚Äôs very troublin‚Ä¶ https://t.co/s2M4bT3z2Z
380,foxnews,-0.7184,Mon Apr 09 07:06:41 +0000 2018,0.375,0.625,0.0,The Latest: Syrian monitors say 14 killed in air base strike https://t.co/VwGz1EbzDx
381,foxnews,-0.8519,Mon Apr 09 07:02:00 +0000 2018,0.449,0.449,0.101,"U.S. demanding Russia end Syrian support after poison gas attack kills dozens, activists and medics say‚Ä¶ https://t.co/cNAcRL4uo4"
382,foxnews,0.0,Mon Apr 09 06:57:00 +0000 2018,0.0,1.0,0.0,".@SarahPalinUSA on her vice presidential run: ""I would do it again in a heartbeat."" https://t.co/9dhXbbodpd"
383,foxnews,0.0,Mon Apr 09 06:53:00 +0000 2018,0.0,1.0,0.0,"""We're not used to...leaders that stand up and be tough.""

On @foxandfriends, @Nigel_Farage compared President‚Ä¶ https://t.co/7Ayny95bHm"
384,foxnews,-0.4588,Mon Apr 09 06:49:00 +0000 2018,0.158,0.842,0.0,".@larry_kudlow on tariffs: ""China's response was highly unsatisfactory and I think that's unfortunate. We do have c‚Ä¶ https://t.co/HqPG4Hb77g"
385,foxnews,-0.8519,Mon Apr 09 06:45:00 +0000 2018,0.357,0.595,0.048,"Earlier, @MayorofLondon Sadiq Khan vowed to get tough on knife violence as the number of stabbing murders rapidly r‚Ä¶ https://t.co/3SizlzosOO"
386,foxnews,-0.6597,Mon Apr 09 06:42:00 +0000 2018,0.31,0.69,0.0,.@AlanDersh: President @realDonaldTrump Won't Repeat Fmr. President @BarackObama's 'Tragic Mistake' With Syria 'Red‚Ä¶ https://t.co/UH37YfRTZ8
387,foxnews,-0.2023,Mon Apr 09 06:40:17 +0000 2018,0.167,0.833,0.0,Former South Korean President Lee Myung-bak charged with corruption https://t.co/JEX6EjfgbQ
388,foxnews,0.3818,Mon Apr 09 06:37:00 +0000 2018,0.0,0.852,0.148,".@SarahPalinUSA: ""We have every...God-given right that's codified in our Bill of Rights to protect ourselves."" https://t.co/XQEbG1H3CZ"
389,foxnews,-0.1531,Mon Apr 09 06:32:00 +0000 2018,0.109,0.806,0.085,".@FrankLuntz: ""I think the Republicans are in deep trouble in the House and the Senate as well. If the election wer‚Ä¶ https://t.co/tcTnklGZyO"
390,foxnews,0.4019,Mon Apr 09 06:27:00 +0000 2018,0.0,0.861,0.139,"Brandon Judd: ""We want to once and for all secure the border so that we don't have to continue to sit here and say,‚Ä¶ https://t.co/UfHLYLSNsE"
391,foxnews,0.0,Mon Apr 09 06:22:00 +0000 2018,0.0,1.0,0.0,"A large Canadian flag at half-mast is seen from a cemetery in #Humboldt, Saskatchewan. 15 people traveling with the‚Ä¶ https://t.co/rb1xNjbhWN"
392,foxnews,-0.2411,Mon Apr 09 06:17:00 +0000 2018,0.109,0.891,0.0,".@SarahPalinUSA: ""It's obvious why @TheDemocrats don't believe in securing the border. I think that they just fear‚Ä¶ https://t.co/9sILJ2d0xx"
393,foxnews,0.0,Mon Apr 09 06:12:00 +0000 2018,0.0,1.0,0.0,The Rio Grande Valley Sector graduated eight new horse agents for its Horse Patrol Unit. The Horse Patrol Unit uses‚Ä¶ https://t.co/84w17Cw6Vy
394,foxnews,0.0,Mon Apr 09 06:07:00 +0000 2018,0.0,1.0,0.0,.@JudgeJeanine: It's Time for Republicans to Start Wielding Power https://t.co/IpEU7L5UtG https://t.co/Vpsm4EBCUN
395,foxnews,-0.5574,Mon Apr 09 06:02:00 +0000 2018,0.217,0.783,0.0,"On ‚ÄúAmerica‚Äôs News HQ,‚Äù former Arizona @GovBrewer slammed California @JerryBrownGov‚Äôs illegal immigration policies‚Ä¶ https://t.co/VdEqR4TDFT"
396,foxnews,0.4019,Mon Apr 09 05:57:00 +0000 2018,0.0,0.87,0.13,".@DiamondandSilk: ""If a privately owned bakery has to go against their Christian values to bake a cake, then Mark Z‚Ä¶ https://t.co/eo8EPKc7rP"
397,foxnews,-0.5267,Mon Apr 09 05:46:00 +0000 2018,0.134,0.866,0.0,"Lt. Gen. H. Steven Blum (Ret.): ""The only people that view this as a threat are the coyotes and the cartels - and j‚Ä¶ https://t.co/GATvZWMqtj"
398,foxnews,-0.7003,Mon Apr 09 05:40:00 +0000 2018,0.42,0.58,0.0,Canada town grieves after road crash decimates youth team https://t.co/ClouPDtjVH
399,foxnews,-0.2838,Mon Apr 09 05:35:00 +0000 2018,0.107,0.893,0.0,".@GovBrewer: ""It's absolutely unfortunate, not only for California but for our country, that we have people in elec‚Ä¶ https://t.co/LpZl4gLzHJ"
400,nytimes,0.3182,Mon Apr 09 16:40:06 +0000 2018,0.0,0.901,0.099,"""Perhaps for the first time in a very long time, maybe the first time ever, people are beginning to entertain the p‚Ä¶ https://t.co/LwHMBJRCRt"
401,nytimes,0.25,Mon Apr 09 16:30:05 +0000 2018,0.094,0.769,0.137,"RT @jasondhorowitz: In major document on holiness, Pope Francis, seeming to brushback conservative critics, says caring for migrants and th‚Ä¶"
402,nytimes,0.0,Mon Apr 09 16:20:07 +0000 2018,0.0,1.0,0.0,How Mark Zuckerberg is cramming for his congressional hearings https://t.co/BZaWkSmwz8
403,nytimes,0.0,Mon Apr 09 16:10:05 +0000 2018,0.0,1.0,0.0,Uber found that people who use Jump Bikes travel about the same distance as people who use the company's app to rid‚Ä¶ https://t.co/vo7p9mA6qo
404,nytimes,0.0,Mon Apr 09 16:06:45 +0000 2018,0.0,1.0,0.0,Breaking News: President Trump said he‚Äôll decide in the next 24 to 48 hours whether to retaliate militarily for the‚Ä¶ https://t.co/pm5f4zhHkT
405,nytimes,0.3612,Mon Apr 09 16:00:07 +0000 2018,0.0,0.878,0.122,‚ÄúSomething that started decades ago and was applauded and inoffensive is now politically incorrect. What can you do‚Ä¶ https://t.co/5ZevGIUUfN
406,nytimes,0.0,Mon Apr 09 15:50:05 +0000 2018,0.0,1.0,0.0,The signature may be going out of style https://t.co/iQpUA90mZG
407,nytimes,-0.6705,Mon Apr 09 15:40:08 +0000 2018,0.243,0.757,0.0,The leader of ISIS in northern Afghanistan has been killed by an American airstrike https://t.co/I4KySr1aMn
408,nytimes,0.8326,Mon Apr 09 15:30:09 +0000 2018,0.056,0.617,0.328,RT @TimHerrera: Giving feedback isn‚Äôt easy! But @stephmit is in SL this week talking about how to be better ‚Äî and less biased ‚Äî at giving i‚Ä¶
409,nytimes,-0.2263,Mon Apr 09 15:20:10 +0000 2018,0.101,0.899,0.0,Gov. Rick Scott made official what Floridians have suspected for months: He's running for the U.S. Senate https://t.co/2IrL7lFd1j
410,nytimes,0.1027,Mon Apr 09 15:10:05 +0000 2018,0.073,0.833,0.094,The federal government‚Äôs top ethics official sent a letter to the EPA questioning Scott Pruitt's actions and asking‚Ä¶ https://t.co/gpwZQAbPF3
411,nytimes,0.6705,Mon Apr 09 15:00:21 +0000 2018,0.0,0.683,0.317,"Combative, relentless and proudly impolitic, John Bolton has a kindred spirit of sorts in President Trump, a fellow‚Ä¶ https://t.co/rDXkTyjA3G"
412,nytimes,0.1027,Mon Apr 09 14:50:03 +0000 2018,0.086,0.811,0.104,"‚ÄúGet a job,‚Äù one Chief Wahoo fan yelled, along with an expletive, at protesters at the Cleveland Indians' home open‚Ä¶ https://t.co/OGmApH1WRA"
413,nytimes,0.5598,Mon Apr 09 14:40:08 +0000 2018,0.0,0.833,0.167,"RT @VVFriedman: Why that rumor about Anna Wintour leaving Vogue was so powerful, and what it could mean -  https://t.co/hnJqwO6cR6"
414,nytimes,-0.296,Mon Apr 09 14:32:06 +0000 2018,0.128,0.872,0.0,Video: Syria and Russia accused Israel of conducting aistrikes on a Syrian air base on Monday https://t.co/MxTcHGx2TG
415,nytimes,0.0,Mon Apr 09 14:25:04 +0000 2018,0.0,1.0,0.0,"RT @chashomans: I went to some of Trump's post-election rallies, and had some thoughts about them, and wrote down those thoughts: https://t‚Ä¶"
416,nytimes,-0.34,Mon Apr 09 14:14:06 +0000 2018,0.149,0.766,0.086,Consumer groups said YouTube failed to comply with a federal law that requires companies to obtain consent from par‚Ä¶ https://t.co/VLXdNstvls
417,nytimes,-0.875,Mon Apr 09 14:00:05 +0000 2018,0.44,0.56,0.0,"Big power tensions in the Syria conflict, already running high after an apparent chemical weapons attack, ratcheted‚Ä¶ https://t.co/JAhWKLryfR"
418,nytimes,0.6908,Mon Apr 09 13:45:05 +0000 2018,0.0,0.678,0.322,"Tony Robbins, a life coach, apologized for saying women use #MeToo to gain ""significance"" https://t.co/ZEc5Hy3QpS"
419,nytimes,0.0,Mon Apr 09 13:30:07 +0000 2018,0.0,1.0,0.0,"RT @PatrickKingsley: What would happen if a far-right leader cemented power in a western state? In Viktor Orban's Hungary, it's already hap‚Ä¶"
420,nytimes,0.0,Mon Apr 09 13:20:05 +0000 2018,0.0,1.0,0.0,Video: Did these women see #MeToo coming? https://t.co/NXZ3mPD44F
421,nytimes,-0.4404,Mon Apr 09 13:11:10 +0000 2018,0.206,0.687,0.107,"Friends of the art collector who died in a fire at Trump Tower said he had been trying to move since the election,‚Ä¶ https://t.co/AADoOZvj7r"
422,nytimes,0.0,Mon Apr 09 13:00:27 +0000 2018,0.0,1.0,0.0,Morning¬†Briefing: Here's what you need to know to start your day https://t.co/z6zdDPxTPo https://t.co/fsmzE3skCk
423,nytimes,0.0,Mon Apr 09 12:44:06 +0000 2018,0.0,1.0,0.0,The post-campaign campaign of Donald Trump https://t.co/EFmeLFLJgX https://t.co/nwpMojrmlE
424,nytimes,-0.1027,Mon Apr 09 12:30:04 +0000 2018,0.062,0.938,0.0,"When women have their first child between age 25 and 35, their pay never recovers, relative to that of their husban‚Ä¶ https://t.co/68e886x9kv"
425,nytimes,-0.7717,Mon Apr 09 12:14:03 +0000 2018,0.295,0.705,0.0,European leaders' biggest fear may be that President Trump's belligerent approach to trade will destroy the postwar‚Ä¶ https://t.co/tjShh80JUo
426,nytimes,0.0258,Mon Apr 09 11:45:04 +0000 2018,0.139,0.717,0.143,"Caring for migrants and the poor is equally as holy a pursuit as opposing abortion, Pope Francis declared https://t.co/vpN7G3cWgs"
427,nytimes,-0.6124,Mon Apr 09 11:30:06 +0000 2018,0.257,0.672,0.071,"RT @TheSteinLine: For the second straight season, one seriously sprained knee forced the Warriors to make the unkindest of roster cuts. My‚Ä¶"
428,nytimes,-0.3818,Mon Apr 09 11:14:03 +0000 2018,0.223,0.625,0.152,"After a suspected chemical attack in Syria, President Trump said Iran and Russia were responsible for backing ""Anim‚Ä¶ https://t.co/PYq05VxVKa"
429,nytimes,0.0516,Mon Apr 09 11:00:13 +0000 2018,0.09,0.81,0.1,"""At a certain point, you just have to do something,"" said a bookseller in Berlin who helped organize protests again‚Ä¶ https://t.co/KRDuQhzKMH"
430,nytimes,-0.1531,Mon Apr 09 10:44:06 +0000 2018,0.074,0.926,0.0,Their data was swept up for Cambridge Analytica. Some of the first known affected Facebook users to be publicly ide‚Ä¶ https://t.co/c3xhGEDI7r
431,nytimes,0.4588,Mon Apr 09 10:31:06 +0000 2018,0.0,0.84,0.16,"RT @nytimesworld: ‚ÄúWe don‚Äôt want migrants to come to Hungary,‚Äù said an army reservist who voted for Viktor Orban‚Äôs party. ‚ÄúThey are unwilli‚Ä¶"
432,nytimes,-0.7717,Mon Apr 09 10:17:02 +0000 2018,0.325,0.675,0.0,Six men suspected of plotting a possible attack on the Berlin half-marathon on Sunday were detained by the police https://t.co/kYJl4HlJs6
433,nytimes,0.0,Mon Apr 09 10:07:07 +0000 2018,0.0,1.0,0.0,Morning¬†Briefing: Here's what you need to know to start your day https://t.co/RNNICDJiOs https://t.co/fTtErIRrGA
434,nytimes,0.2732,Mon Apr 09 10:00:19 +0000 2018,0.0,0.9,0.1,"As marijuana use has increased, ER doctors say they've been seeing a steady flow of patients with the telltale symp‚Ä¶ https://t.co/7auDlDfWBv"
435,nytimes,-0.6597,Mon Apr 09 09:44:01 +0000 2018,0.252,0.748,0.0,Syria and Russia blamed Israel for early morning airstrikes on a Syrian military base that a conflict monitoring gr‚Ä¶ https://t.co/GtFjYhkZ8d
436,nytimes,-0.7003,Mon Apr 09 09:29:01 +0000 2018,0.266,0.734,0.0,"The reported chemical attack in Syria seems to have squeezed President Trump between conflicting impulses, and rais‚Ä¶ https://t.co/mRlcTrwBJA"
437,nytimes,0.5267,Mon Apr 09 09:16:04 +0000 2018,0.0,0.815,0.185,"Viktor Orban, who has set about transforming Hungary from a vibrant democracy into a semi-autocratic state, appeare‚Ä¶ https://t.co/Vx2IWPCgzc"
438,nytimes,0.2776,Mon Apr 09 08:59:04 +0000 2018,0.064,0.823,0.113,"Modern Love: ""I‚Äôm not sure it‚Äôs possible to justify my liaisons with married men, but what I learned from having th‚Ä¶ https://t.co/PJh6QfzZ26"
439,nytimes,0.4215,Mon Apr 09 08:46:02 +0000 2018,0.0,0.872,0.128,North Korea has told the United States that Kim Jong-un is willing to discuss denuclearization of the Korean Penins‚Ä¶ https://t.co/B5jGai0g4G
440,nytimes,0.0258,Mon Apr 09 08:31:05 +0000 2018,0.0,0.939,0.061,Many people taking antidepressants are saying they cannot quit because of withdrawal symptoms they were never warne‚Ä¶ https://t.co/CeaWbLe2qw
441,nytimes,-0.34,Mon Apr 09 08:16:06 +0000 2018,0.149,0.766,0.086,Consumer groups said YouTube failed to comply with a federal law that requires companies to obtain consent from par‚Ä¶ https://t.co/prqzE2SYC7
442,nytimes,0.4215,Mon Apr 09 07:59:03 +0000 2018,0.0,0.859,0.141,Jeff Sessions appointed a United States attorney to handle document production for an inquiry into the FBI's handli‚Ä¶ https://t.co/wlGVcDXzjw
443,nytimes,0.0,Mon Apr 09 07:44:04 +0000 2018,0.0,1.0,0.0,"RT @nytimesworld: J√∂rg Braunsdorf will order books from some right-wing publishers at the request of customers at his Berlin bookstore, but‚Ä¶"
444,nytimes,-0.25,Mon Apr 09 07:30:15 +0000 2018,0.182,0.818,0.0,"Sri Reddy, an Indian actress, staged a topless #MeToo protest https://t.co/NUrkj4zdMZ"
445,nytimes,0.2732,Mon Apr 09 07:21:00 +0000 2018,0.0,0.9,0.1,"As marijuana use has increased, ER doctors say they've been seeing a steady flow of patients with the telltale symp‚Ä¶ https://t.co/cRx05Eb2fu"
446,nytimes,-0.5859,Mon Apr 09 07:04:56 +0000 2018,0.286,0.714,0.0,A look at some of the major episodes of suspected chemical attacks in Syria https://t.co/n6YplhtWrB
447,nytimes,0.2732,Mon Apr 09 06:48:38 +0000 2018,0.0,0.826,0.174,Here's how to start a fitness routine ‚Äì and stick to it https://t.co/WvY6hDtVYB
448,nytimes,0.0,Mon Apr 09 06:32:05 +0000 2018,0.0,1.0,0.0,RT @gabrieldance: we‚Äôve talked with cambridge analytica. we‚Äôve talked w chris wylie. we‚Äôve talked with kogan about his infamous app. we‚Äôve‚Ä¶
449,nytimes,0.6124,Mon Apr 09 06:09:41 +0000 2018,0.0,0.792,0.208,"Is the doctor in? In this new medical age of urgent care centers and retail clinics, that‚Äôs not a simple question. https://t.co/AyGCxjbUTp"
450,nytimes,-0.5574,Mon Apr 09 05:51:57 +0000 2018,0.315,0.55,0.135,15 Lives Devoted to Hockey: A Look at Who Died in a Crash in Canada https://t.co/FHzwWleWQ6
451,nytimes,0.3612,Mon Apr 09 05:41:01 +0000 2018,0.117,0.675,0.209,"Justice Dept., Pressured by Trump, Seeks to Speed Response to Congressional Inquiry https://t.co/khY6xcbzcN"
452,nytimes,0.5994,Mon Apr 09 05:38:46 +0000 2018,0.0,0.754,0.246,"Have a craving for craving for deep, dark pools of warm chocolate, sweet pecans and fragrant coconut? https://t.co/6J9sNLn1pS"
453,nytimes,0.2732,Mon Apr 09 05:22:17 +0000 2018,0.0,0.826,0.174,Here's how to start a fitness routine ‚Äì and stick to it https://t.co/4w3uf4LhhZ
454,nytimes,-0.1027,Mon Apr 09 05:04:14 +0000 2018,0.188,0.68,0.132,"Michigan will stop providing free bottled water to the city of Flint. City officials criticized the move, noting th‚Ä¶ https://t.co/FKlz64hQeR"
455,nytimes,0.0258,Mon Apr 09 04:46:38 +0000 2018,0.0,0.939,0.061,Many people taking antidepressants are saying they cannot quit because of withdrawal symptoms they were never warne‚Ä¶ https://t.co/2qZnmp8U21
456,nytimes,-0.2263,Mon Apr 09 04:29:11 +0000 2018,0.113,0.821,0.067,"Once you immerse yourself in the tasty, convenient world of sheet-pan suppers, you won‚Äôt want to stop https://t.co/Zfz56ScoJu"
457,nytimes,-0.1531,Mon Apr 09 04:12:01 +0000 2018,0.074,0.926,0.0,Their data was swept up for Cambridge Analytica. Some of the first known affected Facebook users to be publicly ide‚Ä¶ https://t.co/TPOpwz0ypP
458,nytimes,0.0,Mon Apr 09 03:52:37 +0000 2018,0.0,1.0,0.0,"For Luigi Di Maio, It‚Äôs Now or Never to Lead Italy. Unless It‚Äôs Later. https://t.co/z7ZQwMG4sB"
459,nytimes,0.0,Mon Apr 09 03:48:06 +0000 2018,0.0,1.0,0.0,"NYT journalists scoured old Islamic State offices in Iraq, gathering over 15,000 pages of internal records abandone‚Ä¶ https://t.co/ITQZbJsbmK"
460,nytimes,0.3254,Mon Apr 09 03:30:11 +0000 2018,0.0,0.896,0.104,RT @AllMattNYT: SCOOP: ‚ÄúYou are the product‚Äù ‚Äî @NYTimes found Facebook users whose data was harvested by Cambridge Analytica. They are the‚Ä¶
461,nytimes,-0.4404,Mon Apr 09 03:22:03 +0000 2018,0.26,0.606,0.134,Friends of Todd Brassner remember the man who died in a fire at Trump Tower on Saturday https://t.co/69sA8IQbf8
462,nytimes,0.4019,Mon Apr 09 03:09:28 +0000 2018,0.0,0.748,0.252,Pyongyang Welcomes Hundreds of Foreigners for Yearly Marathon https://t.co/HA0Qam6afq
463,nytimes,0.6124,Mon Apr 09 03:02:57 +0000 2018,0.0,0.792,0.208,"Is the doctor in? In this new medical age of urgent care centers and retail clinics, that‚Äôs not a simple question. https://t.co/zas6Z1fKBR"
464,nytimes,-0.6908,Mon Apr 09 02:45:12 +0000 2018,0.207,0.793,0.0,The tiny elevator in a Brooklyn housing project will forever be tainted by the murder of a 6-year-old inside nearly‚Ä¶ https://t.co/EyJA7ZTETJ
465,nytimes,0.0,Mon Apr 09 02:26:53 +0000 2018,0.0,1.0,0.0,"South Carolina's former first lady, Jenny Sanford, wasn‚Äôt looking to remarry after her high-profile divorce, until‚Ä¶ https://t.co/VoB54wj2x8"
466,nytimes,0.2776,Mon Apr 09 02:07:29 +0000 2018,0.064,0.823,0.113,"Modern Love: ""I‚Äôm not sure it‚Äôs possible to justify my liaisons with married men, but what I learned from having th‚Ä¶ https://t.co/m9V38iZ3hx"
467,nytimes,0.4215,Mon Apr 09 01:51:57 +0000 2018,0.0,0.797,0.203,Review: ‚ÄòMean Girls‚Äô Sets the Perils of Being Popular to Song https://t.co/ocyCL7g1JL
468,nytimes,-0.1027,Mon Apr 09 01:39:49 +0000 2018,0.188,0.68,0.132,"Michigan will stop providing free bottled water to the city of Flint. City officials criticized the move, noting th‚Ä¶ https://t.co/EdAuT0cJyH"
469,nytimes,0.0258,Mon Apr 09 01:20:33 +0000 2018,0.0,0.939,0.061,Many people taking antidepressants are saying they cannot quit because of withdrawal symptoms they were never warne‚Ä¶ https://t.co/vBtDudBwF9
470,nytimes,0.34,Mon Apr 09 01:03:51 +0000 2018,0.0,0.821,0.179,North Korea Said to Offer Direct Assurance It Will Discuss Denuclearization https://t.co/OB39Xfk3wD
471,nytimes,0.7351,Mon Apr 09 00:57:20 +0000 2018,0.0,0.725,0.275,The snow monkeys of Japan like a nice warm bath. Scientists wanted to find out the real reason they sought out the‚Ä¶ https://t.co/Wg61NYzLII
472,nytimes,-0.6124,Mon Apr 09 00:43:09 +0000 2018,0.267,0.733,0.0,A Town That Lives for Hockey Is Devastated by Humboldt Broncos‚Äô Deaths https://t.co/fkUbNvxLpe
473,nytimes,0.4215,Mon Apr 09 00:40:49 +0000 2018,0.0,0.865,0.135,"Facebook's advice to Mark Zuckerberg as he prepares to appear before Congress: Be humble, agreeable and as forthrig‚Ä¶ https://t.co/vqSgPJGcqe"
474,nytimes,0.0,Mon Apr 09 00:22:55 +0000 2018,0.0,1.0,0.0,Paleontologists have discovered dozens of jumbo-size footprints belonging to dinosaurs that lived 170 million years‚Ä¶ https://t.co/AciKlSwvNA
475,nytimes,0.4215,Mon Apr 09 00:04:17 +0000 2018,0.0,0.865,0.135,"Facebook's advice to Mark Zuckerberg as he prepares to appear before Congress: Be humble, agreeable and as forthrig‚Ä¶ https://t.co/dbYIfSGCCM"
476,nytimes,-0.8779,Sun Apr 08 23:47:19 +0000 2018,0.336,0.664,0.0,"He killed a Red Cross worker, and the motive is still a mystery: ""I will go to hell for what I did"" https://t.co/6pCS8rSFVJ"
477,nytimes,-0.128,Sun Apr 08 23:31:12 +0000 2018,0.158,0.842,0.0,A Tough Task for Facebook: European-Type Privacy for All https://t.co/fWLrndUdXa
478,nytimes,-0.3612,Sun Apr 08 23:14:04 +0000 2018,0.185,0.815,0.0,"Profile: Circe, a Vilified Witch From Classical Mythology, Gets Her Own Epic https://t.co/6aZoqsc21e"
479,nytimes,0.5719,Sun Apr 08 23:02:44 +0000 2018,0.0,0.709,0.291,"Orban Wins Sweeping Majority, and Control of Hungary‚Äôs Constitution https://t.co/c9kT44hYLI"
480,nytimes,0.5719,Sun Apr 08 22:59:45 +0000 2018,0.0,0.684,0.316,Patrick Reed Wins the Masters in a Breakthrough Performance https://t.co/Ftp0PBbgRt
481,nytimes,0.6597,Sun Apr 08 22:42:34 +0000 2018,0.0,0.769,0.231,"""My parents don‚Äôt want to just throw money around now. I‚Äôm getting a great education at a fraction of the cost."" https://t.co/D0m6zXCvok"
482,nytimes,0.8591,Sun Apr 08 22:25:23 +0000 2018,0.0,0.578,0.422,Com Journal: East Timor Has Some of the World‚Äôs Richest Reefs. Can It Profit Safely? https://t.co/PcTmSWxSWh
483,nytimes,0.7964,Sun Apr 08 22:23:21 +0000 2018,0.0,0.458,0.542,A dressing (or dip) that‚Äôs easy to love https://t.co/Tgd2Tm6dxc
484,nytimes,-0.1779,Sun Apr 08 22:05:41 +0000 2018,0.159,0.841,0.0,Oh for the Days of the Making-Of Featurette ‚Äî Seriously https://t.co/5arbjPZTdI
485,nytimes,-0.6124,Sun Apr 08 21:59:47 +0000 2018,0.357,0.643,0.0,Deutsche Bank Replaces C.E.O. Amid Losses and Lack of Direction https://t.co/JlnPWBzntE
486,nytimes,0.7579,Sun Apr 08 21:57:02 +0000 2018,0.0,0.772,0.228,"RT @nerdishtendency: You can see the joy in movement in my first story for @nytimes, a look at a party where musicians and dancers get toge‚Ä¶"
487,nytimes,-0.1779,Sun Apr 08 21:42:00 +0000 2018,0.195,0.637,0.167,"""President Xi and I will always be friends, no matter what happens with our dispute on trade,‚Äù President Trump twee‚Ä¶ https://t.co/dAvlL6seAK"
488,nytimes,0.0,Sun Apr 08 21:27:06 +0000 2018,0.0,1.0,0.0,The Denver Post is in open revolt against its owner https://t.co/Lw62YzaCPk
489,nytimes,-0.1531,Sun Apr 08 21:19:46 +0000 2018,0.187,0.659,0.154,"Common Sense: With Tesla in a Danger Zone, Can Model 3 Carry It to Safety? https://t.co/KjYFEtsMgv"
490,nytimes,0.3612,Sun Apr 08 21:12:07 +0000 2018,0.079,0.753,0.168,"RT @brooksbarnesNYT: ‚ÄòA Quiet Place‚Äô Is a Huge No. 1 at the Box Office, Boosting Paramount ... At $50M twice what was expected and, out of‚Ä¶"
491,nytimes,-0.7717,Sun Apr 08 21:11:54 +0000 2018,0.427,0.573,0.0,"Amid Fears of Trade War, Trump Predicts China Will Relent https://t.co/uWmmVeLe4h"
492,nytimes,0.0,Sun Apr 08 20:57:02 +0000 2018,0.0,1.0,0.0,Gov. Rick Scott of Florida is expected to announce on Monday that he's running for the U.S. Senate against Bill Nel‚Ä¶ https://t.co/yFympY459r
493,nytimes,-0.2023,Sun Apr 08 20:42:07 +0000 2018,0.118,0.802,0.08,"For many women in the 5 boroughs of New York, training is a gateway into the world of competitive fighting https://t.co/6VsTR5Gp1I"
494,nytimes,0.34,Sun Apr 08 20:27:01 +0000 2018,0.0,0.893,0.107,"RT @nytimesarts: A trove of paintings, mementoes from the film ""Gladiator,"" prop horses, guitars, diamond rings and costumes went up for au‚Ä¶"
495,nytimes,0.2732,Sun Apr 08 20:11:02 +0000 2018,0.0,0.826,0.174,Here's how to start a fitness routine ‚Äì and stick to it https://t.co/d8GMnfw7rF
496,nytimes,0.5256,Sun Apr 08 19:56:07 +0000 2018,0.0,0.825,0.175,"""Facebook has got to start treating influencers with more respect. These people need to make a living."" https://t.co/PYdR7TbN5U"
497,nytimes,0.0,Sun Apr 08 19:41:05 +0000 2018,0.0,1.0,0.0,"Charlie Brown, Snoopy and the rest of the Peanuts gang are part of a new public art project in cities around the wo‚Ä¶ https://t.co/WcKvqpJTxt"
498,nytimes,0.4069,Sun Apr 08 19:26:01 +0000 2018,0.121,0.732,0.146,"""I will do my best to see to it that I never am this ignorant again,"" said a teenager who was sentenced to read boo‚Ä¶ https://t.co/qFtGzcqw0z"
499,nytimes,-0.2023,Sun Apr 08 19:11:32 +0000 2018,0.112,0.808,0.081,RT @cdcaron: It has been nearly five years since the Syrian government agreed to purge its chemical weapons stockpile. But the chemical war‚Ä¶
